datetime,title,source,link,top_sentiment,sentiment_score
"January 14, 2024",NLG Insurance Proposes 5.79 Percent Dividend,Stock Market,https://www.investopaper.com/news/nlg-insurance-dividend/,positive,0.41418617963790894
"January 16, 2024",Himalayan Times Media Entertainment & Tech to Float IPO | Appoints Muktinath Capital as Issue Manager,Stock Market,https://www.investopaper.com/news/himalayan-times-media-entertainment-tech-ipo/,positive,0.3705924451351166
"January 16, 2024",Sahas Urja to Develop 341 MW Budhigandaki Semi-Reservoir (PROR) Project,NEWS,https://www.investopaper.com/news/sahas-urja-to-develop-341-mw-budhigandaki-semi-reservoir-pror-project/,positive,0.43233054876327515
"January 17, 2024",Sindhu Bikas Bank to Skip Dividend from FY 2079/80,Stock Market,https://www.investopaper.com/news/sindhu-bikas-bank-dividend/,negative,0.41738373041152954
"January 17, 2024",Yeti Brewery to Sell Shares through Book Building Process | Appoints NIMB Ace Capital as Issue Manager,Stock Market,https://www.investopaper.com/news/yeti-brewery-book-building-ipo/,negative,0.3933323919773102
"January 17, 2024",Mirmire Laghubitta Reports Decline in Profit by 41 Percent [Q2 Report],Company,https://www.investopaper.com/news/mirmire-laghubitta-second-quarter-report/,positive,0.4012422561645508
"January 18, 2024",Apple Becomes World’s Largest Smartphone Seller in 2023,NEWS,https://www.investopaper.com/news/apple-becomes-worlds-largest-smartphone-seller-in-2023/,positive,0.4537280797958374
"January 18, 2024",RSDC Laghubitta Posts Net Profit of Rs. 6.93 Crores [Q2 Report],Company,https://www.investopaper.com/news/rsdc-laghubitta-second-quarter-report/,neutral,0.5046377182006836
"January 18, 2024",Bandipur Cable Car to Come into Operation by Baisakh,NEWS,https://www.investopaper.com/news/bandipur-cable-car-to-come-into-operation-by-baisakh/,negative,0.40132537484169006
"January 18, 2024",Kailash Helicopter Services to Float IPO | Appoints Muktinath Capital as Issue Manager,Stock Market,https://www.investopaper.com/news/kailash-helicopter-services-ipo/,neutral,0.4315970242023468
"January 18, 2024",Kamana Sewa Bikas Bank Reports EPS of Rs. 15.78 [Q2 Report],Company,https://www.investopaper.com/news/kamana-sewa-bikas-bank-second-quarterly-report/,positive,0.37303200364112854
"January 19, 2024",Xiaomi Launches Redmi 13C Smartphone in Nepal,NEWS,https://www.investopaper.com/news/xiaomi-launches-redmi-13c-smartphone-in-nepal/,negative,0.3530297875404358
"January 19, 2024",Machhapuchchhre Bank Reports 21 Percent Drop in Net Profit [Q2 Report],Company,https://www.investopaper.com/news/machhapuchhre-bank-second-quarter-report/,negative,0.4745546579360962
"January 19, 2024",United Ajod Insurance Proposes 10.8 Percent Dividend,Stock Market,https://www.investopaper.com/news/united-ajod-insurance-dividend/,neutral,0.3941904604434967
"January 21, 2024",Sanima Bank Reports Profit over Rs 1.13 Arba [Q2 Report],Company,https://www.investopaper.com/news/sanima-bank-profit-second-quarter-report/,positive,0.4038572609424591
"January 21, 2024",Muktinath Bikas Bank’s Profit Plunges by 33 Percent,Company,https://www.investopaper.com/news/muktinath-bikas-bank-second-quarter-report/,negative,0.39588895440101624
"January 21, 2024",Siddhartha Bank Reports Stable Performance in First 6 Months [Q2 Report],Company,https://www.investopaper.com/news/siddhartha-bank-second-quarter-report/,neutral,0.4690070152282715
"January 21, 2024",NIC Asia Bank Reports Deposit Collection of Rs 381.26 Arba (Q2 Report),Company,https://www.investopaper.com/news/nic-asia-bank-second-quarterly-report/,positive,0.3876323401927948
"January 21, 2024",Global IME Bank Posts Net Profit of Rs. 2.04 Arba [Q2 Report],Company,https://www.investopaper.com/news/global-ime-bank-second-quarter-report/,negative,0.5076411962509155
"January 21, 2024",Nabil Bank Posts Rs 3.20 Arba in Net Profit | Annualized EPS at Rs 23.74 [Q2 Report],Company,https://www.investopaper.com/news/nabil-bank-second-quarter-report/,negative,0.3595777451992035
"January 23, 2024",Ghalemdi Hydro Auctioning 32.17 Lakh Unsold Right Shares from Today,Stock Market,https://www.investopaper.com/news/ghalemdi-hydro-share-auction/,neutral,0.41989409923553467
"January 23, 2024",Prabhu Bank to Skip Dividend from FY 2079/80,Stock Market,https://www.investopaper.com/news/prabhu-bank-dividend/,neutral,0.5833831429481506
"January 24, 2024",Swabhimaan Laghubitta to Skip Dividend from FY 2079/80,Stock Market,https://www.investopaper.com/news/swabhimaan-laghubitta-dividend/,positive,0.4475710391998291
"January 25, 2024",Mirmire Laghubitta Cancels Proposed Dividend from FY 2079/80,Stock Market,https://www.investopaper.com/news/mirmire-laghubitta-dividend/,neutral,0.4597156047821045
"January 25, 2024",WEAN Nepal Laghubitta to Skip Dividend from FY 2079/80,Stock Market,https://www.investopaper.com/news/wean-nepal-laghubitta-dividend/,negative,0.44816720485687256
"January 25, 2024",Puwakhola-1 Hydropower to Float IPO | Appoints LS Capital as Issue Manager,Stock Market,https://www.investopaper.com/news/puwakhola-1-hydropower-ipo/,negative,0.39041292667388916
"January 25, 2024",Sanima GIC Insurance to Skip Dividend Distribution from FY 2079/80,Stock Market,https://www.investopaper.com/news/sanima-gic-insurance-dividend/,positive,0.38156363368034363
"January 26, 2024",Neco Insurance Conducting 28th AGM Today | No dividend to Shareholders,Stock Market,https://www.investopaper.com/news/neco-insurance-agm/,positive,0.44645270705223083
"January 26, 2024","Super Khudi Hydropower to Issue 69,75,000 Shares In IPO | Appoints Global IME Capital as Issue Manager",Stock Market,https://www.investopaper.com/news/super-khudi-hydropower-ipo/,positive,0.3868788182735443
"January 26, 2024",Mathilo Mailung Khola Hydropower (14.3 MW) Begins Trial Electricity Production,NEWS,https://www.investopaper.com/news/mathilo-mailung-khola-hydropower-14-3-mw-begins-trial-electricity-production/,positive,0.4034689664840698
"January 28, 2024","Reliance Spinning Mills Closing Auction of  770,640 Shares to Qualified Institutional Investors through Book Building Process from Today",Stock Market,https://www.investopaper.com/news/reliance-spinning-mills-ipo/,neutral,0.4385467767715454
"January 28, 2024","Maruti Cements to Float 1,16,00,000 Shares @ Rs. 277 per Share in IPO",Stock Market,https://www.investopaper.com/news/maruti-cements-ipo/,neutral,0.4813113510608673
"January 28, 2024",Barun Investments to Issue IPO Worth Rs. 24.75 Crores | Application Submitted to SEBON,Stock Market,https://www.investopaper.com/news/barun-investments-limited-ipo/,neutral,0.39898839592933655
"January 28, 2024",Asian Life Insurance Proposes 8.1578 Percent Dividend,Stock Market,https://www.investopaper.com/news/asian-life-insurance-dividend/,neutral,0.36170443892478943
"January 29, 2024",71-MW Nilgiri Second ‘Cascade’ Hydropower Project Begins Testing for Electricity Production,NEWS,https://www.investopaper.com/news/71-mw-nilgiri-second-cascade-hydropower-project-near-completion-in-myagdi/,positive,0.34406840801239014
"January 29, 2024",Nepal Payment Solution to Issue IPO | Appoints LS Capital as Issue Manager,Stock Market,https://www.investopaper.com/news/nepal-payment-solutions-ipo/,positive,0.389468789100647
"January 29, 2024",Laxmi Sunrise Bank to Provide Loan Financing to 20 MW Upper Seti Hydropower Project,NEWS,https://www.investopaper.com/news/upper-seti-hydropower-project/,positive,0.4910285472869873
"January 30, 2024",NIBL Ace Capital Closing IPO of “NIBL Stable Fund” from Magh 16,Stock Market,https://www.investopaper.com/news/nibl-stable-fund-ipo/,neutral,0.5019510388374329
"January 30, 2024",Laxmi Technoplast to Issue IPO | Appoints Nepal SBI Merchant Banking as Issue Manager,Stock Market,https://www.investopaper.com/news/laxmi-technoplast-ipo/,neutral,0.3738655149936676
"January 30, 2024",Swarojgar Laghubitta Announces 7.3684 Percent Dividend,Stock Market,https://www.investopaper.com/news/swarojgar-laghubitta-dividend/,positive,0.40599319338798523
"February 1, 2024",Jalpa Samudayik Laghubitta to Skip Dividend from FY 2079/80,Stock Market,https://www.investopaper.com/news/jalpa-samudayik-laghubitta-dividend/,negative,0.44338011741638184
"February 1, 2024",Reinsurance Companies Required to Meet Minimum Capital of Rs. 20 Billion: Nepal Insurance Authority,NEWS,https://www.investopaper.com/news/reinsurance-companies-required-to-meet-minimum-capital-of-rs-20-billion-nepal-insurance-authority/,negative,0.3983171582221985
"February 1, 2024",Nepal’s Economy to Grow by 5 Percent in 2024: IMF,GLOBAL NEWS,https://www.investopaper.com/news/nepals-economy-to-grow-by-5-percent-in-2024-imf/,neutral,0.43137624859809875
"February 1, 2024",Aarambha Chautari Laghubitta Reports 40 Percent Drop in Net Profit [Q2 Report],Company,https://www.investopaper.com/news/aarambha-laghubitta-second-quarter-report/,neutral,0.5470089912414551
"February 2, 2024",Mahila Laghubitta to Skip Dividend from FY 2079/80,Stock Market,https://www.investopaper.com/news/mahila-laghubitta-dividend/,positive,0.4243902862071991
"February 2, 2024",Citizens Bank International to Issue 30 Lakh Units of “8.5% Citizens Bank Debenture 2090”,Stock Market,https://www.investopaper.com/news/citizens-bank-debenture-2090-2/,neutral,0.39428240060806274
"February 2, 2024",Nepal Investment Mega Bank to Skip Dividend from FY 2079/80,Stock Market,https://www.investopaper.com/news/nepal-investment-bank-dividend/,neutral,0.5022381544113159
"February 2, 2024",Meromicrofinance Laghubitta Posts Net Profit of Rs. 6.43 Crores [Q2 Report],Company,https://www.investopaper.com/news/meromicrofinance-laghubitta-second-quarterly-report/,negative,0.41349345445632935
"February 4, 2024",Kalanga Hydro Limited to Float IPO | Appoints Jyoti Capital as Underwriter,Stock Market,https://www.investopaper.com/news/kalanga-hydro-ipo/,positive,0.5722854137420654
"February 4, 2024",Laxmi Laghubitta Posts Net Profit of Rs. 2.15 Crores [Q2 Report],Company,https://www.investopaper.com/news/laxmi-laghubitta-second-quarter-report/,positive,0.4523422420024872
"February 4, 2024",Suryodaya Womi Laghubitta Announces 14.077 Percent Dividend,Stock Market,https://www.investopaper.com/news/suryodaya-laghubitta-dividend/,positive,0.4923534095287323
"February 5, 2024",Mirmire Laghubitta to Convene 13th AGM on Falgun 14,Stock Market,https://www.investopaper.com/news/mirmire-laghubitta-agm/,positive,0.4077225923538208
"February 5, 2024",‘NIC ASIA Growth Fund-2’ Listed In NEPSE,Stock Market,https://www.investopaper.com/news/nic-asia-growth-fund-2-listed-in-nepse/,negative,0.49638456106185913
"February 11, 2024",Agricultural Development Bank (ADBL) to Skip Dividend from FY 2079/80,Stock Market,https://www.investopaper.com/news/agricultural-development-bank-announces-dividend/,negative,0.38047125935554504
"February 11, 2024",Budhanilkantha Heritage Limited to Issue IPO | Appoints Global IME Capital as Issue Manager,Stock Market,https://www.investopaper.com/news/budhanilkantha-heritage-limited-ipo/,neutral,0.48272180557250977
"February 11, 2024",Mahuli Laghubitta to Skip Dividend from FY 2079/80,Stock Market,https://www.investopaper.com/news/mahuli-laghubitta-dividend/,neutral,0.4000474214553833
"February 11, 2024",NIC Asia Laghubitta Reports 99 Percent Drop in Net Profit [Q2 Report],NEWS,https://www.investopaper.com/news/nic-asia-laghubitta-second-quarterly-report/,positive,0.41507279872894287
"February 11, 2024",Himalayan Reinsurance to Issue 1:0.8 Right Share,Stock Market,https://www.investopaper.com/news/himalayan-reinsurance-to-issue-10-8-right-share/,positive,0.38149696588516235
"February 11, 2024",Butwal Power Company Posts Rs.17.83 Crores in Net Profit [Q2 Report],Company,https://www.investopaper.com/news/butwal-power-company-second-quarter-report/,positive,0.41065993905067444
"February 11, 2024",Soaltee Hotel Reports Net Profit of Rs. 26.31 Crores [Q2 Report],Stock Market,https://www.investopaper.com/news/soaltee-hotels-second-quarter/,negative,0.4621979892253876
"February 12, 2024",Sagarmatha Lumbini Insurance Reports 16 Percent Rise in Net Profit [Q2 Report],Company,https://www.investopaper.com/news/sagarmatha-insurance-second-quarter/,negative,0.5730125308036804
"February 12, 2024",Nepal Insurance Posts Rs. 49.77 Crores in Net Profit (Q2 Report),Company,https://www.investopaper.com/news/nepal-insurance-second-quarter-report/,positive,0.3914697468280792
"February 12, 2024",Deprosc Laghubitta Reports 43 Percent Plunge in Net Profit [Q2 Report],Company,https://www.investopaper.com/news/deprosc-laghubitta-second-quarter-report/,positive,0.44362813234329224
"February 12, 2024",Siddhartha Insurance Posts Net Profit of Rs. 36 Crores in 6 Months (Q2 Report),Company,https://www.investopaper.com/news/siddhartha-insurance-second-quarterly-report/,negative,0.482880562543869
"February 13, 2024",Upper Phawa Khola Hydropower Project to Begin Commercial Electricity Generation within a Month,NEWS,https://www.investopaper.com/news/upper-phawa-khola-hydropower-project-construction/,negative,0.5791469216346741
"February 13, 2024",Neco Insurance Reports 15 Percent Rise In Net Profit [Q2 Report],Company,https://www.investopaper.com/news/neco-insurance-second-quarter-report/,positive,0.4905069172382355
"February 14, 2024",NLG Insurance Conducting 18th AGM on Falgun 3 | To Endorse 5.79 Percent Dividend,Stock Market,https://www.investopaper.com/news/nlg-insurance-agm-book-close/,neutral,0.4518064856529236
"February 14, 2024","Swastik Laghubitta to Issue 80,000 Shares in IPO",Stock Market,https://www.investopaper.com/news/swastik-laghubittato-ipo/,positive,0.4238462746143341
"February 14, 2024",Garima Capital to Launch its First Mutual Fund Scheme ‘Garima Samriddhi Yojana’,Stock Market,https://www.investopaper.com/news/garima-samriddhi-yojana-ipo/,negative,0.42689552903175354
"February 14, 2024",Kalinchowk Hydropower to Issue IPO worth Rs. 7.50 Crores | Submits Application to SEBON,Stock Market,https://www.investopaper.com/news/kalinchowk-hydropower-ipo/,positive,0.3977067172527313
"February 14, 2024",NMB Laghubitta to Skip Dividend from FY 2079/80,Stock Market,https://www.investopaper.com/news/nmb-laghubitta-dividend/,neutral,0.40596455335617065
"February 15, 2024",Deprosc Laghubitta Announces 10.53 Percent Dividend from FY 2079/80,Stock Market,https://www.investopaper.com/news/deprosc-laghubitta-dividend/,neutral,0.3761824369430542
"February 15, 2024","Him River Power to Issue 13,30,000 Shares In IPO | Submits Application to SEBON",Stock Market,https://www.investopaper.com/news/him-river-power-ipo/,neutral,0.3472447097301483
"February 15, 2024",Pure Energy to Float 16 Lakh Shares in IPO,Stock Market,https://www.investopaper.com/news/pure-energy-ipo/,positive,0.44490277767181396
"February 16, 2024",NIC Asia Capital to Launch its Second Open Ended Scheme ‘NIC ASIA Equity Linked Investment Scheme’,Stock Market,https://www.investopaper.com/news/nic-asia-capital-to-launch-an-open-ended-scheme-nic-asia-equity-linked-investment-scheme/,positive,0.3856748938560486
"February 16, 2024","Japan Slips to Fourth Largest Economy, Germany Moves to Number Three",NEWS,https://www.investopaper.com/news/japan-slips-to-fourth-largest-economy-germany-moves-to-number-three/,negative,0.44274523854255676
"February 16, 2024",Nepal Investment Mega Bank Closing Issue of Debenture Worth Rs. 4.04 Arba from Today,Stock Market,https://www.investopaper.com/news/nepal-investment-mega-bank-debenture-2090/,neutral,0.40376636385917664
"February 18, 2024",Central Finance Not to Provide Dividend from FY 2079/80,Stock Market,https://www.investopaper.com/news/central-finance-dividend/,negative,0.38722455501556396
"February 18, 2024",Public Debt of Nepal’s Government Rises to Rs. 23.87 Kharba,NEWS,https://www.investopaper.com/news/public-debt-of-nepals-government/,negative,0.3657786548137665
"February 18, 2024",Shikhar Insurance to Skip Dividend from FY 2079/80,Stock Market,https://www.investopaper.com/news/shikhar-insurance-dividend/,neutral,0.4254043996334076
"February 20, 2024",Individual PAN Registration Reach 39.50 Lakhs,NEWS,https://www.investopaper.com/news/individual-pan-registration-reach-39-50-lakhs/,negative,0.39714494347572327
"February 21, 2024",Deposits in Banks Completely Secure: NRB,NEWS,https://www.investopaper.com/news/deposits-in-banks-completely-secure-nrb/,neutral,0.3835279047489166
"February 23, 2024",Nerude Laghubitta Conducting 17th AGM Today | No Dividend to Shareholders,Stock Market,https://www.investopaper.com/news/nerude-laghubitta-agm/,positive,0.37426191568374634
"February 23, 2024",Kumari Capital to Close Issue of ‘Kumari Sabal Yojana’ from Falgun 13,Stock Market,https://www.investopaper.com/news/kumari-sabal-yojana-ipo/,positive,0.438540518283844
"February 23, 2024",Life Insurance Corporation (LIC) Nepal Publishes New Bonus Rate,N/A,https://www.investopaper.com/news/life-insurance-corporation-lic-nepal-bonus-rate/,neutral,0.39173629879951477
"February 27, 2024",United Modi Hydropower to Float 1:1 Right Share | Receives Pre-approval from ERC,Stock Market,https://www.investopaper.com/news/united-modi-hydropower-right-share/,positive,0.39386871457099915
"February 27, 2024",Sagarmatha Lumbini Insurance to Provide 5 Percent Dividend,Stock Market,https://www.investopaper.com/news/sagarmatha-insurance-dividend-declaration/,positive,0.36809828877449036
"February 28, 2024",Sarbottam Cement Closing Second Phase of IPO from Today,Stock Market,https://www.investopaper.com/news/sarbottam-cement-ipo-to-general-public/,positive,0.43345150351524353
"February 29, 2024",United Idi Mardi & RB Hydropower Conducting 14th AGM today | To Endorse 5.789 Percent Dividend,Stock Market,https://www.investopaper.com/news/united-idi-mardi-rb-hydropower-agm/,negative,0.354501336812973
"March 4, 2024",Lower Erkhuwa Hydropower to Sell 28.05 Lakh Shares in IPO | Submits Application to SEBON,Stock Market,https://www.investopaper.com/news/lower-irkhuwa-hydropower-ipo/,neutral,0.5008687376976013
"March 4, 2024",Prabhu Insurance Announces 5 Percent Dividend from FY 2079/80,Stock Market,https://www.investopaper.com/news/prabhu-insurance-declares-dividend/,neutral,0.3516668677330017
"March 5, 2024",Singati Hydro Energy Closing 1:1 Right Share from Today,Stock Market,https://www.investopaper.com/news/singati-hydro-energy-right-share/,negative,0.36511334776878357
"March 7, 2024",Barahi Hydropower to Issue 1:1 Right Share | ERC Grants Approval,Stock Market,https://www.investopaper.com/news/barahi-hydropower-right-issue/,positive,0.4293195307254791
"March 7, 2024",Samudayik Laghubitta Merges with BPW Laghubitta | Joint Operation from Today,Stock Market,https://www.investopaper.com/news/samudayik-laghubitta-to-merge-with-bpw-laghubitta/,negative,0.5483056306838989
"March 7, 2024",Khani Khola Hydropower Company to Float 1:1 Right Share | Submits Application to SEBON,Stock Market,https://www.investopaper.com/news/khani-khola-hydropower-company-to-float-11-right-share/,neutral,0.37993356585502625
"March 12, 2024",Aarambha Chautari Lagubitta to Skip Dividend from FY 2079/80,Stock Market,https://www.investopaper.com/news/aarambha-chautari-lagubitta-dividend/,neutral,0.4088934659957886
"March 13, 2024",Siddhartha Premier Insurance Organizing 30th AGM Today | Shareholders to Receive 11 Percent Dividend,Stock Market,https://www.investopaper.com/news/siddhartha-insurance-agm-and-book-close/,negative,0.4772185683250427
"March 13, 2024",Agricultural Development Bank (ADBL) Conducting 17th AGM Today | No Dividend from FY 2079/80,Stock Market,https://www.investopaper.com/news/agricultural-development-bank-agm/,positive,0.5260744094848633
"March 13, 2024",Nerude Laghubitta Merges with Mirmire Laghubitta | Joint Operation from Today,Stock Market,https://www.investopaper.com/news/nerude-laghubitta-to-merge-with-mirmire-laghubitta/,neutral,0.4173114597797394
"March 13, 2024",Prabhu Mahalaxmi Life Insurance to Issue 17 Percent Right Share | Submits Application to SEBON,Stock Market,https://www.investopaper.com/news/prabhu-mahalaxmi-life-insurance-right-issue/,neutral,0.5272288918495178
"March 15, 2024",Sanima GIC Insurance to Issue 25 Percent Right Share,Stock Market,https://www.investopaper.com/news/sanima-gic-insurance-25-percent-right-share/,neutral,0.38272491097450256
"March 18, 2024",Nerude Mirmire Laghubitta Appoints Nepal SBI Merchant Banking As Share Registrar (RTS),Stock Market,https://www.investopaper.com/news/nerude-mirmire-laghubitta-share-registrar-rts/,neutral,0.41068053245544434
"March 19, 2024",IPO Shares of Sarbottam Cement Limited Listed in NEPSE,Stock Market,https://www.investopaper.com/news/ipo-shares-of-sarbottam-cement-limited-listed-in-nepse/,negative,0.4687628149986267
"March 20, 2024",‘Kumari Sabal Yojana’ Listed In NEPSE,Stock Market,https://www.investopaper.com/news/kumari-sabal-yojana-listed-in-nepse/,neutral,0.39314818382263184
"March 20, 2024",Arun Valley Hydropower Closing 1:1 Right Share from Today,Stock Market,https://www.investopaper.com/news/arun-valley-hydropower-right-issue/,neutral,0.43363669514656067
"March 21, 2024",Samata Gharelu Laghubitta Appoints RBB Merchant Banking As Share Registrar (RTS),Stock Market,https://www.investopaper.com/news/samata-laghubitta-appoints-rbb-merchant-banking-as-share-registrar-rts/,negative,0.41682490706443787
"March 21, 2024",Ridi Power Company Closing 2:1 Right Issue from Today,Stock Market,https://www.investopaper.com/news/ridi-power-company-right-share/,negative,0.4329976439476013
"March 21, 2024",Peoples Hydropower Company to Float 2:1 Right Share,Stock Market,https://www.investopaper.com/news/peoples-hydropower-company-right-share/,positive,0.6459226608276367
"March 22, 2024",Jalpa Laghubitta Conducting 5th AGM Today | To Endorse Merger with Kisan Laghubitta,Stock Market,https://www.investopaper.com/news/jalpa-laghubitta-agm/,positive,0.3615992069244385
"March 22, 2024",Mailung Khola Jal Vidhyut Company Declares 2.34 Percent Dividend,Stock Market,https://www.investopaper.com/news/mailung-khola-jal-vidhyut-company-dividend/,neutral,0.3985039293766022
"March 26, 2024",Mountain Energy Nepal Conducting 10th AGM Today | To Endorse 15.7895 Percent Dividend,Stock Market,https://www.investopaper.com/news/mountain-energy-nepal-agm/,negative,0.3618345260620117
"March 28, 2024",Neco Insurance to Float 25 Percent Right Share | Submits Application to SEBON,Stock Market,https://www.investopaper.com/news/neco-insurance-to-float-25-percent-right-share/,neutral,0.47831860184669495
"March 28, 2024",Terhathum Power Company to Issue 1:1 Right Share | Submits Application to SEBON,Stock Market,https://www.investopaper.com/news/terhathum-power-company-right-share/,negative,0.43086862564086914
"March 29, 2024",Siddhi Hydro Company to Float IPO | Appoints Citizens Capital as Issue Manager,Stock Market,https://www.investopaper.com/news/siddhi-hydro-company-ipo/,positive,0.4959613084793091
"April 3, 2024",Sarbottam Cement Proposes 15 Percent Dividend,Stock Market,https://www.investopaper.com/news/sarbottam-cement-dividend/,positive,0.3973657488822937
"April 3, 2024",SuryaJyoti Life Insurance to Provide 35 Percent Dividend from FY 2079/80,Stock Market,https://www.investopaper.com/news/surya-life-insurance-dividend/,negative,0.39677268266677856
"April 4, 2024",NESDO Sambridha Laghubitta to Skip Dividend from FY 2079/80,Stock Market,https://www.investopaper.com/news/nesdo-sambridha-laghubitta-dividend/,negative,0.41619396209716797
"April 4, 2024",Himalayan Capital to Launch its First Open Ended Scheme ‘Himalayan Dirghakalin Bachat Yojana’,Stock Market,https://www.investopaper.com/news/himalayan-dirghakalin-bachat-yojana-ipo/,negative,0.4564773738384247
"April 5, 2024",Salt Trading Corporation Conducting 57th AGM Today | Shareholders to Receive 15.79 Percent Dividend,Stock Market,https://www.investopaper.com/news/salt-trading-corporation-agm/,neutral,0.3784182071685791
"April 7, 2024",Deprosc Laghubitta Conducting 22nd AGM Today | To Endorse 10.53 Percent Dividend,Stock Market,https://www.investopaper.com/news/deprosc-laghubitta-agm/,positive,0.35877692699432373
"April 9, 2024",Sagarmatha Lumbini Insurance Conducting 27th AGM Today | To Endorse 5 Percent Dividend,Stock Market,https://www.investopaper.com/news/sagarmatha-insurance-agm/,negative,0.4289318919181824
"April 9, 2024",Prabhu Bank to Organize its 22nd AGM on Baisakh 20,Stock Market,https://www.investopaper.com/news/prabhu-bank-agm/,negative,0.4626898765563965
"April 10, 2024",Samata Gharelu Laghubitta to Conduct 10th AGM on Chaitra 29 | Shareholders to Receive 5.7 Percent Dividend,Stock Market,https://www.investopaper.com/news/samata-laghubitta-agm/,neutral,0.5119686722755432
"April 10, 2024",Sanima GIC Insurance to Convene 6th AGM on Chaitra 29 | To Issue 25 Percent Right Share,Stock Market,https://www.investopaper.com/news/sanima-gic-insurance-agm/,negative,0.4639207720756531
"April 12, 2024",Nepal’s Economy to Grow By 3.6 Percent in 2080/81: ADB,NEWS,https://www.investopaper.com/news/nepals-economy-to-grow-by-3-6-percent-in-2080-81-adb/,negative,0.4287937581539154
"April 15, 2024",Arghakhanchi Cement to Float IPO Through Book Building Process | Appoints NMB Capital as Issue Manager,Stock Market,https://www.investopaper.com/news/arghakhanchi-cement-ipo/,positive,0.4020751416683197
"April 16, 2024",River Falls Power to Conduct 7th & 8th AGM on Baisakh 20 | To Issue 1:1 Right Share,Stock Market,https://www.investopaper.com/news/river-falls-power-to-conduct-7th-8th-agm-on-baisakh-20-to-issue-11-right-share/,positive,0.526013195514679
"April 16, 2024",Nepal Reinsurance (NRIC) Proposes 5 Percent Dividend from FY 2079/80,Stock Market,https://www.investopaper.com/news/nepal-reinsurance-dividend/,positive,0.3944970667362213
"April 18, 2024",Aviyan Laghubitta to Skip Dividend from Fiscal Year 2079/80,Stock Market,https://www.investopaper.com/news/aviyan-laghubitta-dividend/,neutral,0.3762015998363495
"April 19, 2024",Dream International Hotel to Float IPO | Appoints Muktinath Capital as Issue Manager,Stock Market,https://www.investopaper.com/news/dream-international-hotel-ipo/,neutral,0.4769275486469269
"April 19, 2024",Siuri Nyadi Power Limited to Float IPO | Appoints Citizen Investment Trust as Underwriter,Stock Market,https://www.investopaper.com/news/siuri-nyadi-power-limited-ipo/,positive,0.47463253140449524
"April 21, 2024","Ridi Power Company Closing Auction of 11,35,657 Shares from Today",Stock Market,https://www.investopaper.com/news/ridi-power-company-auction/,negative,0.3818272650241852
"April 22, 2024",White Lotus Power Limited to Float IPO | Appoints Nepal SBI Merchant Banking as Issue Manager,Stock Market,https://www.investopaper.com/news/white-lotus-power-ipo/,neutral,0.38999801874160767
"April 22, 2024",Classic View Resort to Issue 10.50 Lakh Shares in IPO,Stock Market,https://www.investopaper.com/news/classic-view-resort-ipo/,negative,0.473842054605484
"April 24, 2024",Sarbottam Cement Organizing 5th AGM Today | To Endorse 15 Percent Dividend,Stock Market,https://www.investopaper.com/news/sarbottam-cement-agm/,neutral,0.4354028105735779
"April 25, 2024",NIBL Samriddhi Fund-2 (NIBSF2) Reports NAV of Rs. 9.06,NEWS,https://www.investopaper.com/news/nibsf2-monthly-report/,neutral,0.4726913869380951
"April 25, 2024",Mega Mutual Fund-1 Reports Net Asset Value of 8.61,Stock Market,https://www.investopaper.com/news/mega-mutual-fund-1-monthly-report/,neutral,0.4462112486362457
"April 26, 2024",Citizens Super 30 Mutual Fund Posts Rs. 2.11 Crores in Gross Profit,Stock Market,https://www.investopaper.com/news/citizens-super-30-mutual-fund-monthly-report/,neutral,0.4195038676261902
"April 28, 2024",Effect of M/A: 347 BFIs Merged to Form 110 Institutions,N/A,https://www.investopaper.com/news/effect-of-m-a-347-bfis-merged-to-form-110-institutions/,negative,0.36731135845184326
"April 28, 2024",Nepal Investment Summit 2024 from Today,NEWS,https://www.investopaper.com/news/nepal-investment-summit-2024-from-today/,positive,0.4016730785369873
"April 29, 2024",Broker Commission on Share Transaction to Fall by 10 Percent,Stock Market,https://www.investopaper.com/news/broker-commission-on-share-transaction-to-fall-by-10-percent/,positive,0.46885010600090027
"April 30, 2024",Life Insurance Corporation Nepal (LICN) to Skip Dividend from FY 2079/80,Stock Market,https://www.investopaper.com/news/life-insurance-corporation-lic-nepal-dividend/,neutral,0.4055899977684021
"May 2, 2024",Nepal’s GDP to Reach Rs. 57.48 Kharba | Economic Growth Rate at 3.87 Percent,NEWS,https://www.investopaper.com/news/nepals-gdp-to-reach-rs-57-48-kharba-economic-growth-rate-at-3-87-percent/,negative,0.43043753504753113
"May 2, 2024",Sopan Multiple Company to Float 29.15 Lakh Shares in IPO | Appoints NMB Capital as Issue Manager,Stock Market,https://www.investopaper.com/news/sopan-multiple-company-ipo/,neutral,0.3700101375579834
"May 2, 2024",Crest Micro-Life Insurance to Issue 22.50 Lakh Shares in IPO | Appoints NIMB Ace Capital as Issue Manager,Stock Market,https://www.investopaper.com/news/crest-micro-life-insurance-ipo/,negative,0.44358503818511963
"May 3, 2024",SuryaJyoti Life Insurance Conducting 16th AGM Today | To Endorse 35 Percent Dividend,Stock Market,https://www.investopaper.com/news/suryajyoti-life-insurance-agm/,negative,0.4191459119319916
"May 3, 2024",Siddhartha Premier Insurance Posts Net Profit of Rs. 59.71 Crores [Q3 Report],Company,https://www.investopaper.com/news/siddhartha-premier-insurance-third-quarterly-report/,neutral,0.3866710960865021
"May 3, 2024",Tourists Arrival Surge by 12.75 Percent in April,NEWS,https://www.investopaper.com/news/tourists-arrival-surge-by-12-75-percent-in-april/,negative,0.595970094203949
"May 5, 2024","Arun Valley Hydropower Closing Auction of 19,52,134 Shares from Baisakh 24",Stock Market,https://www.investopaper.com/news/arun-valley-hydropower-share-auction/,positive,0.3799148499965668
"May 5, 2024",6 Life Insurance Companies Declare Dividend from FY 2079/80,Stock Market,https://www.investopaper.com/news/life-insurance-companies-dividend-declaration/,neutral,0.43806836009025574
"May 7, 2024",Laxmi Laghubitta Posts Net Profit of Rs. 4.44 Crores [Q3 Report],Company,https://www.investopaper.com/news/laxmi-laghubitta-third-quarterly-report/,neutral,0.5429387092590332
"May 7, 2024",Ganapati Laghubitta Appoints NIMB Ace Capital as Registrar to Share (RTS),Stock Market,https://www.investopaper.com/news/ganapati-laghubitta-share-registrar/,neutral,0.5380980968475342
"May 7, 2024",Citizen Life Insurance Cancels Proposed Dividend from FY 2079/80,Stock Market,https://www.investopaper.com/news/citizen-life-insurance-dividend/,positive,0.5388830304145813
"May 7, 2024",People’s Power Limited to Float 2:1 Right Share | ERC Provides Final Approval,Stock Market,https://www.investopaper.com/news/peoples-power-limited-right-share/,positive,0.4716168940067291
"May 8, 2024",Deprosc Laghubitta Posts Rs. 25.29 Crores Net Profit | Annualized EPS At Rs. 19.77 [Q3 Report],Company,https://www.investopaper.com/news/deprosc-laghubitta-financial-highlights-third-quarter/,neutral,0.37046435475349426
"May 8, 2024",Nirdhan Utthan Laghubitta Posts Profit of Rs. 17.58 Crores | Net Profit Surges by 300 Percent [Q3 Report],Company,https://www.investopaper.com/news/nirdhan-utthan-laghubitta-third-quarter-report/,neutral,0.40986916422843933
"May 9, 2024",Nerude Mirmire Laghubitta Posts Net Profit of Rs. 19.83 Crores [Q3 Report],Company,https://www.investopaper.com/news/nerude-laghubitta-third-quarter/,positive,0.3958774209022522
"May 10, 2024",NESDO Sambridha Laghubitta Reports Annualized EPS of Rs. 24.09 [Q3 Report],Company,https://www.investopaper.com/news/nesdo-sambridha-laghubitta-third-quarterly-report/,positive,0.3916935920715332
"May 10, 2024",Sanima Mai Hydropower Posts Rs 31.47 Crores in Profit [Q3 Report],Company,https://www.investopaper.com/news/sanima-mai-hydropower-third-quarterly-report/,positive,0.3972594439983368
"May 10, 2024",Chhimek Laghubitta Reports Fall in Profit by 27 Percent [Q3 Report],Company,https://www.investopaper.com/news/chhimek-laghubitta-third-quarter/,positive,0.4909323453903198
"May 10, 2024",Butwal Power Company Earns Rs.18 Crores in Net Profit [Q3 Report],Company,https://www.investopaper.com/news/butwal-power-company-third-quarterly-report/,positive,0.48789653182029724
"May 10, 2024",Sana Kisan Bikas Laghubitta Posts Net Profit of Rs 53.45 Crores in Nine Months [Q3 Report],Company,https://www.investopaper.com/news/sana-kisan-bikas-laghubitta-third-quarter-report/,positive,0.3722224533557892
"May 12, 2024",Sagarmatha Lumbini Insurance’s Profit Surges by 55 Percent [Q3 Report],Company,https://www.investopaper.com/news/sagarmatha-insurance-third-quarter-report/,neutral,0.3992428481578827
"May 12, 2024",Himalayan Everest Insurance Reports Annualized EPS of Rs. 32.35 [Q3 Report],Company,https://www.investopaper.com/news/himalayan-everest-insurance-third-quarterly-report/,positive,0.4190535843372345
"May 12, 2024",Neco Insurance Reports Slight Drop in Net Profit [Q3 Report],Company,https://www.investopaper.com/news/neco-insurance-third-quarterly-report/,neutral,0.3924412429332733
"May 12, 2024",Shikhar Insurance Posts Net Profit of Rs. 39.02 Crores (Q3 Report),Company,https://www.investopaper.com/news/shikhar-insurance-third-quarterly-report/,positive,0.37887734174728394
"May 13, 2024",Sahas Urja Posts Net Profit of Rs. 47.81 Crores [Q3 Report],Company,https://www.investopaper.com/news/sahas-urja-third-quarterly-report/,positive,0.44005286693573
"May 13, 2024",Suryakunda Hydro Electric to Float IPO | Appoints Kumari Capital as Issue Manager,Stock Market,https://www.investopaper.com/news/suryakunda-hydro-electric-ipo/,positive,0.40447789430618286
"May 14, 2024",New Stock Broker Commission Implemented from Today,Stock Market,https://www.investopaper.com/news/stock-broker-commission-nepal/,neutral,0.37187284231185913
"May 16, 2024",Business Interest Group of Industries to Issue 45 Lakh Shares in IPO | Appoints Kumari Capital as Issue Manager,Stock Market,https://www.investopaper.com/news/business-interest-group-of-industries-ipo/,negative,0.44370463490486145
"May 17, 2024",Third Quarterly Review of Monetary Policy: Various Interest Rates Kept Stable,NEWS,https://www.investopaper.com/news/third-quarterly-review-of-monetary-policy/,neutral,0.37443581223487854
"May 20, 2024",Right Shares of Arun Valley Hydropower Listed in NEPSE,Stock Market,https://www.investopaper.com/news/shares-listed-in-nepse/,positive,0.41867321729660034
"May 21, 2024",Nepal Solar Farm to Issue 12 Lakh Shares in IPO | Appoints Global IME Capital as Issue Manager,Stock Market,https://www.investopaper.com/news/nepal-solar-farm-ipo/,positive,0.4381692707538605
"May 21, 2024",Buddha Bhumi Nepal Hydropower to Float 1:1 Right Share | ERC Provides Pre-Approval,Stock Market,https://www.investopaper.com/news/buddha-bhumi-nepal-hydropower-right-issue/,positive,0.43216702342033386
"May 22, 2024",Sun Nepal Life Insurance Conducting 7th AGM Today | To Endorse 25.05 Percent Dividend,Stock Market,https://www.investopaper.com/news/sun-nepal-life-insurance-agm/,positive,0.3748265206813812
"May 22, 2024",RBB Mutual Fund 1 (RMF1) Reports Net Asset Value (NAV) of Rs. 9.73,NEWS,https://www.investopaper.com/news/rbb-mutual-fund-1-monthly-report/,positive,0.43892747163772583
"May 23, 2024",Gandaki Province Records Highest Economic Growth: NSO,NEWS,https://www.investopaper.com/news/gandaki-province-records-highest-economic-growth-nso/,positive,0.48602235317230225
"May 24, 2024",Devendra Raman Khanal Appointed as CEO of Rastriya Banijya Bank,NEWS,https://www.investopaper.com/news/devendra-raman-khanal-appointed-as-ceo-of-rastriya-banijya-bank/,negative,0.3760448396205902
"May 24, 2024",Construction of 128 MW Tamor-Mewa Hydroelectric Project Starts,NEWS,https://www.investopaper.com/news/tamor-mewa-hyroelectric-project/,positive,0.39967799186706543
"May 27, 2024",Public Enterprises In Nepal: Profit Surges to Rs 48.51 Billion | 15 Enterprises Operating in Loss,Economy,https://www.investopaper.com/news/public-enterprises-in-nepal/,neutral,0.4545733630657196
"May 29, 2024",Government Allocates Rs.1.86 Trillion Budget for Upcoming Fiscal Year,NEWS,https://www.investopaper.com/news/government-allocates-rs-1-86-trillion-budget-for-upcoming-fiscal-year/,neutral,0.4608292281627655
"May 29, 2024",Government Projects 6 Percent Economic Growth and 5.5 Percent Inflation for Fiscal Year 2081/82,NEWS,https://www.investopaper.com/news/government-projects-6-percent-economic-growth-and-5-5-percent-inflation-for-fiscal-year-2081-82/,positive,0.3471643030643463
"May 29, 2024",Budget Allocation to Various Ministries for Fiscal Year 2081/82,NEWS,https://www.investopaper.com/news/budget-allocation-to-various-ministries-for-fiscal-year-2081-82/,negative,0.4130970537662506
"May 29, 2024",Tax Changes in the Budget for Fiscal Year 2081/82,most read,https://www.investopaper.com/news/tax-changes-in-the-budget-for-fiscal-year-2081-82/,neutral,0.4284960627555847
"May 30, 2024",‘NIBL Stable Fund’ Listed In NEPSE,Stock Market,https://www.investopaper.com/news/nibl-stable-fund-listed-in-nepse/,neutral,0.41577115654945374
"May 30, 2024",Nepal Reinsurance Company Conducting 9th AGM Today | To Endorse 5 Percent Dividend,Stock Market,https://www.investopaper.com/news/nepal-reinsurance-company-nric-agm/,negative,0.4189620018005371
"June 2, 2024",Nepal Life Insurance Proposes 21.05 Percent Dividend from FY 2079/80,Stock Market,https://www.investopaper.com/news/nepal-life-insurance-dividend/,neutral,0.4076055884361267
"June 3, 2024",NCHL Begins Integrated Operations After Acquiring NePS from Today,N/A,https://www.investopaper.com/news/nchl-begins-integrated-operations-after-acquiring-neps-from-today/,positive,0.3649936020374298
"June 3, 2024","Tourist Arrival Increases to 506,000 in 5 Months",NEWS,https://www.investopaper.com/news/tourist-arrival-monthwise/,negative,0.47790205478668213
"June 3, 2024",Bonus Share of 2 Companies Listed in Nepse,Stock Market,https://www.investopaper.com/news/bonus-share-listed-in-nepse/,neutral,0.45817625522613525
"June 3, 2024",Samaj Laghubitta to Skip Dividend from FY 2079/80,Stock Market,https://www.investopaper.com/news/samaj-laghubitta-dividend/,neutral,0.40577539801597595
"June 4, 2024",Demat Account Holders in Nepal Reach 62.82 Lakh | Mero Share Users 53.37 Lakh,Stock Market,https://www.investopaper.com/news/demat-users-in-nepal/,positive,0.42572101950645447
"June 5, 2024",LIC Nepal to Conduct its 22nd AGM on Ashad 13 | Book Closure on Jestha 32,Stock Market,https://www.investopaper.com/news/lic-nepal-agm/,positive,0.41332677006721497
"June 5, 2024",Himalayan Laghubitta Appoints Himalayan Capital as Registrar to Share (RTS),Stock Market,https://www.investopaper.com/news/himalayan-laghubitta-share-registrar/,neutral,0.3969569206237793
"June 6, 2024",Construction Status of United Mewa Khola Hydropower Project (50 MW): 75 Percent Complete,NEWS,https://www.investopaper.com/news/united-mewakhola-hydropower-project/,neutral,0.49671781063079834
"June 7, 2024",Upper Tamor Semi-reservoir Hydropower Project (285 MW) Secures Rs. 38.6 Billion in Investment,NEWS,https://www.investopaper.com/news/upper-tamor-semi-reservoir-hydropower-project-285-mw-secures-rs-38-6-billion-in-investment/,neutral,0.5353464484214783
"June 7, 2024",Excel Development Bank to Skip Dividend from FY 2079/80,Stock Market,https://www.investopaper.com/news/excel-development-bank-dividend/,positive,0.4226352572441101
"June 9, 2024",Panchthar Power Company Conducting 8th AGM Today,Stock Market,https://www.investopaper.com/news/panchthar-power-company-agm/,neutral,0.4876168966293335
"June 9, 2024",400 kV Hetauda Substation Completed,NEWS,https://www.investopaper.com/news/400-kv-hetauda-substation-completed/,neutral,0.3561256229877472
"June 9, 2024",Rs.112 Kharba Investment Needed to Grow Nepal’s GDP to Rs.103 Kharba by 2085/86,NEWS,https://www.investopaper.com/news/rs-112-kharba-investment-needed-to-grow-nepals-gdp-to-rs-103-kharba-by-2085-86/,neutral,0.49324455857276917
"June 10, 2024",IME Life Insurance Organizing 7th AGM Today | To Endorse 26.32 Percent Dividend,Stock Market,https://www.investopaper.com/news/ime-life-insurance-agm/,negative,0.3744680881500244
"June 13, 2024",Cement & Clinker Exports to India Grows to Rs. 3.33 Billion,NEWS,https://www.investopaper.com/news/cement-clinker-exports-to-india-grows-to-rs-3-33-billion/,neutral,0.4187660813331604
"June 14, 2024",20.27 Percent of Population Below Poverty Line in Nepal,NEWS,https://www.investopaper.com/news/20-27-percent-of-population-below-poverty-line-in-nepal/,neutral,0.34546104073524475
"June 14, 2024",Shree Distillery Limited to Float IPO | Appoints Prabhu Capital as Issue Manager,Stock Market,https://www.investopaper.com/news/shree-distillery-limited-ipo/,negative,0.3804031014442444
"June 16, 2024",Karnali State Government Brings a Budget of Rs 31.41 Billion,NEWS,https://www.investopaper.com/news/karnali-state-government-budget/,positive,0.4243735074996948
"June 16, 2024",Koshi Province Presents Budget of Rs. 35.27 Billion,NEWS,https://www.investopaper.com/news/state-1-government-budget/,neutral,0.5537506937980652
"June 16, 2024",Sudurpaschim State Unveils Budget of Rs 31.63 Billion for FY 2081/82,NEWS,https://www.investopaper.com/news/sudurpaschim-state-government-budget/,negative,0.507479190826416
"June 16, 2024",Lumbini Province Brings Budget of Rs. 38.97 Billion,NEWS,https://www.investopaper.com/news/state-5-government-budget/,negative,0.4595312476158142
"June 16, 2024",Gandaki State Unveils a Budget of Rs. 33 Billion for FY 2081/82,NEWS,https://www.investopaper.com/news/gandaki-state-government-budget/,neutral,0.46980759501457214
"June 16, 2024",Madhes State Government Announces Budget of Rs 43.89 Billion for FY 2081/82,NEWS,https://www.investopaper.com/news/state-2-government-budget/,negative,0.37958642840385437
"June 16, 2024",Bagmati State Government Presents a Budget of Rs 64.54 Billion,NEWS,https://www.investopaper.com/news/bagmati-state-government-budget/,negative,0.37785235047340393
"June 16, 2024",Capital Expenditure at Only 44 Percent in 11 Months,NEWS,https://www.investopaper.com/news/capital-expenditure-of-nepal/,negative,0.372611403465271
"June 18, 2024",Vijaya Laghubitta to Skip Dividend from FY 2079/80,Stock Market,https://www.investopaper.com/news/vijaya-laghubitta-dividend/,negative,0.4034236669540405
"June 18, 2024",FDI Commitments in Nepal Amounting to Rs. 44 Billion This Year,NEWS,https://www.investopaper.com/news/fdi-commitments-in-nepal-amounting-to-rs-44-billion-this-year/,negative,0.4480639398097992
"June 19, 2024",Nvidia Becomes Most Valuable Company in the World,NEWS,https://www.investopaper.com/news/nvidia-becomes-most-valuable-company-in-the-world/,positive,0.3911826014518738
"June 19, 2024",Aadar Multi-Investment Company to Issue IPO | Appoints Muktinath Capital as Issue Manager,Stock Market,https://www.investopaper.com/news/aadar-multi-investment-company-ipo/,positive,0.40278854966163635
"June 19, 2024",Himalayan Bank to Float FPO | Appoints Citizens Capital as Issue Manager,Stock Market,https://www.investopaper.com/news/himalayan-bank-fpo/,neutral,0.3530791699886322
"June 21, 2024",Guheshwori Merchant Banking and Finance to Float 2.6 Lakh Units of “Guheshwori Debenture 2089”,Stock Market,https://www.investopaper.com/news/guheshwori-debenture-2089/,negative,0.5039483904838562
"June 21, 2024",Nepal’s Outstanding Public Debt Grows to Rs. 2.43 Trillion,NEWS,https://www.investopaper.com/news/nepals-outstanding-public-debt-grows-to-rs-2-43-trillion/,neutral,0.4526216983795166
"June 23, 2024",Reliance Finance to Skip Dividend from FY 2079/80,Stock Market,https://www.investopaper.com/news/reliance-finance-dividend/,positive,0.4076750874519348
"June 23, 2024",Vijaya Laghubitta to Conduct 11th AGM on Ashad 30,Stock Market,https://www.investopaper.com/news/vijaya-laghubitta-agm/,neutral,0.42597535252571106
"June 23, 2024",Financial Management for 66.3 MW Middle Kaligandaki Project Completed,NEWS,https://www.investopaper.com/news/financial-management-for-66-3-mw-middle-kaligandaki-project-completed/,negative,0.39945900440216064
"June 24, 2024",Average Capacity Utilization of Industries in Koshi Province at 41.7 percent,NEWS,https://www.investopaper.com/news/average-capacity-utilization-of-industries-in-koshi-province/,negative,0.4011801779270172
"June 25, 2024",Rasuwagadhi Hydropower Conducting 10th & 11th AGM Today,Stock Market,https://www.investopaper.com/news/rasuwagadhi-hydropower-agm/,positive,0.5384064316749573
"June 25, 2024",Capacity Utilization of Industries in Karnali Province at 54.23 Percent,NEWS,https://www.investopaper.com/news/capacity-utilization-of-industries-in-karnali-province/,negative,0.36876165866851807
"June 26, 2024",Siddhartha Systematic Investment Scheme Posts Gross Profit of Rs. 2.18 Crores,NEWS,https://www.investopaper.com/news/siddhartha-systematic-investment-scheme-monthly-report/,positive,0.371652215719223
"June 26, 2024",Siddhartha Equity Fund (SEF) Reports Growth in NAV in Jestha,NEWS,https://www.investopaper.com/news/siddhartha-equity-fund-monthly-report/,positive,0.4099503457546234
"June 27, 2024",Nabil Balanced Fund-2 (NBF2) Reports Net Asset Value of Rs. 10.21,NEWS,https://www.investopaper.com/news/nabil-balanced-fund-2-monthly-report/,neutral,0.4361289143562317
"June 28, 2024",Sadhana Laghubitta Merges with Sabaiko Laghubitta to form ‘Sampada Laghubitta Bittiya Sanstha Limited’,Stock Market,https://www.investopaper.com/news/sadhana-laghubitta-to-merge-with-sabaiko-laghubitta/,positive,0.4365396201610565
"July 1, 2024",Nepal Life Insurance to Conduct 23rd & 24th AGM on Ashad 18 | To Endorse 21.05 Percent Dividend,Stock Market,https://www.investopaper.com/news/nepal-life-insurance-agm/,neutral,0.495179146528244
"July 1, 2024",Mahila Laghubitta Appoints Nepal SBI Merchant Banking as Share Registrar (RTS),Stock Market,https://www.investopaper.com/news/mahila-laghubitta-share-registrar/,positive,0.38717544078826904
"July 1, 2024",Bhugarbha Cement Limited to Float IPO | Appoints Nabil Investment Banking as Issue Manager,Stock Market,https://www.investopaper.com/news/bhugarbha-cement-ipo/,positive,0.3620757758617401
"July 2, 2024",Average Capacity Utilization of Industries in Madhes Province Falls to 29.60 Percent,NEWS,https://www.investopaper.com/news/average-capacity-utilization-of-industries-in-province-2/,neutral,0.4376906454563141
"July 2, 2024",Sudurpaschim Province to Contribute 7.13 Percent to National GDP,NEWS,https://www.investopaper.com/news/sudurpaschim-province-nrb-study-report/,neutral,0.5542483925819397
"July 2, 2024",Kamana Sewa Bikas Bank to Issue Perpetual Non-Cumulative Preference Share,Stock Market,https://www.investopaper.com/news/kamana-sewa-bikas-bank-to-issue-perpetual-non-cumulative-preference-share/,positive,0.45195332169532776
"July 5, 2024",Government Fixes Support Price of Paddy for FY 2081/82,NEWS,https://www.investopaper.com/news/government-fixes-the-support-price-of-paddy/,positive,0.5359565019607544
"July 5, 2024",Super Nyadi Hydroelectric Project (40.27 MW) to Generate Electricity by Ashad Next Year,NEWS,https://www.investopaper.com/news/super-nyadi-hydroelectric-project-construction-status/,negative,0.3749430477619171
"July 5, 2024",Saidi Power Company to Float IPO | Appoints Kumari Capital as Issue Manager,Stock Market,https://www.investopaper.com/news/saidi-power-company-ipo/,positive,0.3814951479434967
"July 8, 2024",Samata Gharelu Laghubitta Acquires Manakamana Smart Laghubitta | Joint Transaction from Today,Stock Market,https://www.investopaper.com/news/samata-gharelu-laghubitta-to-acquire-manakamana-smart-laghubitta/,neutral,0.377132385969162
"July 9, 2024",Hotel Sabrina to Float IPO | Appoints NMB Capital as Issue Manager,Stock Market,https://www.investopaper.com/news/hotel-sabrina-ipo/,negative,0.4298067092895508
"July 10, 2024",Asian Life Insurance to Issue 1:0.42 Right Share | Application Submitted to SEBON,Stock Market,https://www.investopaper.com/news/asian-life-insurance-to-issue-10-42-right-share/,neutral,0.3457113206386566
"July 10, 2024",Prabhu Insurance to Float 50.15 Percent Right Share | Submits Applicaiton to SEBON,Stock Market,https://www.investopaper.com/news/prabhu-insurance-right-share/,negative,0.500748336315155
"July 10, 2024",ICFC Finance to Float 3 Lakh Units of “ICFC Finance Debenture 2088”,Stock Market,https://www.investopaper.com/news/icfc-finance-debenture-2088/,positive,0.36624619364738464
"July 11, 2024",Jalpa Laghubitta Merges with Kisan Laghubitta | Joint Operation from Today,Stock Market,https://www.investopaper.com/news/jalpa-laghubitta-to-merge-with-kisan-laghubitta/,positive,0.40034687519073486
"July 11, 2024",SEBON Puts Reliance Spinning Mills IPO on Temporary Hold,Stock Market,https://www.investopaper.com/news/reliance-spinning-mills-ipo-to-general-public/,neutral,0.48766815662384033
"July 12, 2024",National Life Insurance Proposes 14.7368 Percent Dividend from FY 2079/80,Stock Market,https://www.investopaper.com/news/national-life-insurance-dividend/,negative,0.38332173228263855
"July 15, 2024",Citizen Investment Trust Conducting 29th AGM Today | Meeting to Approve 14.73 Percent Dividend,Stock Market,https://www.investopaper.com/news/citizen-investment-trust-agm/,neutral,0.3569205105304718
"July 15, 2024",Interest Rate on Fixed (Term) Deposits Offered by Commercial Banks Drops to 6.74 Percent,NEWS,https://www.investopaper.com/news/interest-rate-on-fixed-term-deposits-offered-by-commercial-banks/,positive,0.41023534536361694
"July 17, 2024",Nabil Bank to Issue 30 Lakh Units of “8% Nabil Bank Debenture 2089”,Stock Market,https://www.investopaper.com/news/nabil-bank-debenture-2089/,neutral,0.4301471710205078
"July 17, 2024",Government Fails to Meet Revenue and Expenditure Targets,NEWS,https://www.investopaper.com/news/government-fails-to-meet-revenue-and-expenditure-targets/,positive,0.44688552618026733
"July 17, 2024",Everest Bank to Float 30 Lakh Units of “7.5% Everest Bank Debenture 2091”,Stock Market,https://www.investopaper.com/news/everest-bank-to-float-30-lakh-units-of-7-5-everest-bank-debenture-2091/,negative,0.41727495193481445
"July 18, 2024",Economic Growth Rate in Third Quarter at 2.2 Percent,NEWS,https://www.investopaper.com/news/economic-growth-rate-in-third-quarter-at-2-2-percent/,neutral,0.4351332187652588
"July 19, 2024","National Laghubitta to Sell 6,69,900 Shares in FPO",Stock Market,https://www.investopaper.com/news/national-laghubitta-fpo/,negative,0.4155801236629486
"July 19, 2024",Global IME Bank to Float “8% Global IME Bank Debenture 2091/92”,Stock Market,https://www.investopaper.com/news/global-ime-bank-debenture-2091-92/,negative,0.49017220735549927
"July 21, 2024",Nepal Oil Corporation Earns Rs. 10 Billion in Last Fiscal Year,NEWS,https://www.investopaper.com/news/nepal-oil-corporation-earns-rs-10-billion-in-last-fiscal-year/,neutral,0.3765450716018677
"July 22, 2024",Dordi Khola Jal Bidyut Company to Issue 1:1 Right Share,Stock Market,https://www.investopaper.com/news/dordi-khola-jal-bidyut-company-to-issue-11-right-share/,negative,0.38254502415657043
"July 22, 2024",Rapti Hydro and General Construction to Float 1:1 Right Share | Submits Application sto SEBON,Stock Market,https://www.investopaper.com/news/rapti-hydro-and-general-construction-to-float-11-right-share/,positive,0.350094199180603
"July 22, 2024",River Falls Power to Issue 1:1 Right Share,Stock Market,https://www.investopaper.com/news/river-falls-power-11-right-share/,neutral,0.3970889449119568
"July 22, 2024",Sun Nepal Life Insurance to Issue 27 Percent Right Share | Application Submitted to SEBON,Stock Market,https://www.investopaper.com/news/sun-nepal-life-insurance-right/,negative,0.41410350799560547
"July 22, 2024",Shiva Shree Hydropower to Float 1:1 Right Share,Stock Market,https://www.investopaper.com/news/shiva-shree-hydropower-right-share/,neutral,0.46705102920532227
"July 22, 2024",Nepal Insurance to Issue 40 Percent Right Share | Submits Application to SEBON,Stock Market,https://www.investopaper.com/news/nepal-insurance-to-issue-40-percent-right-share/,negative,0.4384258985519409
"July 23, 2024",Nepal Life Insurance to Invest Rs. 1.33 Arba in Professional Educators Limited & Uniglobe Higher Secondary School Kathmandu Limited,Stock Market,https://www.investopaper.com/news/nepal-life-insurance-to-invest-rs-1-33-arba-in-professional-educators-limited-uniglobe-higher-secondary-school-kathmandu-limited/,positive,0.4148845970630646
"July 24, 2024",Global IME Bank Awarded with Two “Euromoney Awards for Excellence 2024”,NEWS,https://www.investopaper.com/news/global-ime-bank-awarded-with-two-euromoney-awards-for-excellence-2024/,negative,0.4461492598056793
"July 24, 2024",Sasha Engineering Hydropower to Sell 25 Lakh Shares in IPO | Appoints NIMB Ace Capital as Issue Manager,Stock Market,https://www.investopaper.com/news/sasha-engineering-hydropower-ipo/,negative,0.410133421421051
"July 26, 2024",Global IME Bank Appoints Surendra Raj Regmi as Chief Executive Officer (CEO),NEWS,https://www.investopaper.com/news/global-ime-bank-appoints-surendra-raj-regmi-as-chief-executive-officer-ceo/,neutral,0.5339667201042175
"July 26, 2024",Monetary Policy to Address the Problems in Construction Sector,NEWS,https://www.investopaper.com/news/monetary-policy-to-address-the-problems-in-construction-sector/,negative,0.3972921371459961
"July 26, 2024",Foreign Employed Individuals to Get Collateral-Free Loans,NEWS,https://www.investopaper.com/news/foreign-employed-individuals-to-get-collateral-free-loans/,positive,0.34475255012512207
"July 26, 2024",NRB to Review Loan Limits for SMEs,NEWS,https://www.investopaper.com/news/nrb-to-review-loan-limits-for-smes/,positive,0.42311564087867737
"July 26, 2024",NRB Removes Rs. 20 Crores Limit on Share Pledge Loan for Institutional Investors,NEWS,https://www.investopaper.com/news/nrb-removes-rs-20-crores-limit-on-share-pledge-loan-for-institutional-investors/,positive,0.38151228427886963
"July 26, 2024",Monetary Policy Encourages Mergers Among Microfinance Institutions,NEWS,https://www.investopaper.com/news/monetary-policy-encourages-mergers-among-microfinance-institutions/,positive,0.43896177411079407
"July 28, 2024",Siddhartha Investment Growth Scheme 3 (SIGS3) Reports NAV of Rs. 11.20,NEWS,https://www.investopaper.com/news/siddhartha-investment-growth-scheme-3-monthly-report/,positive,0.5041496157646179
"July 28, 2024",Siddhartha Investment Growth Scheme 2 (SIGS2) Reports Investment of Rs. 104 Crores in Stocks,NEWS,https://www.investopaper.com/news/sigs2-monthly-report/,negative,0.434579461812973
"July 28, 2024",Investment Board Approved Rs. 271 Billion for 9 Projects,NEWS,https://www.investopaper.com/news/investment-board-approved-rs-271-billion-for-9-projects/,neutral,0.3791513741016388
"July 28, 2024",Hilton Hotel Commences Operation,NEWS,https://www.investopaper.com/news/hilton-hotel-commences-operation/,negative,0.4767744541168213
"July 28, 2024",RBB Mutual Fund 2 (RMF2) Posts Rs. 8.57 Crores in Gross Profit,Stock Market,https://www.investopaper.com/news/rbb-mutual-fund-2-monthly-report/,neutral,0.37921467423439026
"July 29, 2024",Laxmi Unnati Kosh (LUK) Posts Gross Loss of Rs. 88.53 Lakhs,NEWS,https://www.investopaper.com/news/laxmi-unnati-kosh-monthly-report/,negative,0.34754228591918945
"July 29, 2024",Prabhu Smart Fund (PRSF) Reports Net Asset Value of Rs. 11.52,NEWS,https://www.investopaper.com/news/prabhu-smart-fund-monthly-report/,neutral,0.4761428236961365
"July 29, 2024",Electricity Worth Rs. 16.93 Billion Exported to India in FY 2080/81,NEWS,https://www.investopaper.com/news/electricity-worth-rs-16-93-billion-exported-to-india-in-fy-2080-81/,negative,0.4983749985694885
"July 29, 2024",Sunrise First Mutual Fund (SFMF) Reports Net Asset Value Of Rs. 11.67,NEWS,https://www.investopaper.com/news/sunrise-first-mutual-fund-sfmf-monthly-report/,neutral,0.37480124831199646
"July 29, 2024",Individuals Allowed to Borrow from Two Microfinance Institutions,NEWS,https://www.investopaper.com/news/individuals-allowed-to-borrow-from-two-microfinance-institutions/,negative,0.4140901565551758
"July 30, 2024",Nabil Flexi Cap Fund Reports Incline in NAV in Ashad,NEWS,https://www.investopaper.com/news/nabil-flexi-cap-fund-monthly-report/,negative,0.47419166564941406
"July 30, 2024",LS Capital Announces Book Closure for Dividend of ‘Shubha Laxmi Kosh’ on Shrawan 15,Stock Market,https://www.investopaper.com/news/shubha-laxmi-kosh-book-closure-date/,neutral,0.5200666189193726
"July 30, 2024",Laxmi Value Fund 2 (LVF2) to Provide 4.5 Percent Dividend,Stock Market,https://www.investopaper.com/news/laxmi-value-fund-2-dividend/,neutral,0.47966456413269043
"July 30, 2024",Shubha Laxmi Kosh Declares 7.5 Percent Dividend from FY 2080/81,Stock Market,https://www.investopaper.com/news/shubha-laxmi-kosh-dividend/,negative,0.3794395923614502
"July 30, 2024",Laxmi Unnati Kosh (LUK) Proposes 7.5 Percent Dividend,Stock Market,https://www.investopaper.com/news/laxmi-unnati-kosh-dividend/,positive,0.5398828983306885
"August 1, 2024",NRN Infrastructure and Development Appoints Nepal SBI Merchant Banking as Share Registrar (RTS),Stock Market,https://www.investopaper.com/news/nrn-infrastructure-and-development-share-registrar/,negative,0.5539711117744446
"August 1, 2024",NIC Asia Dynamic Debt Fund to Distribute 10 Percent Dividend,Stock Market,https://www.investopaper.com/news/nic-asia-dynamic-debt-fund-dividend/,neutral,0.4080665707588196
"August 1, 2024",NIC Asia Growth Fund Announces 9.5 Percent Dividend,Stock Market,https://www.investopaper.com/news/nic-asia-growth-fund-dividend/,negative,0.38368767499923706
"August 1, 2024",Dividend Re-Investment Plan in NIC Asia Dynamic Debt Fund,Stock Market,https://www.investopaper.com/news/dividend-reinvestment-plan-nic-asia-dynamic-debt-fund/,neutral,0.46839290857315063
"August 1, 2024",NIC Asia Balanced Fund Proposes 9.25 Percent Dividend from FY 2080/81,Stock Market,https://www.investopaper.com/news/nic-asia-balanced-fund-dividend/,neutral,0.3991217315196991
"August 1, 2024",NIC Asia Flexi Cap Fund to Provide 10.5 Percent Dividend,Stock Market,https://www.investopaper.com/news/nic-asia-flexi-cap-dividend/,neutral,0.362192302942276
"August 1, 2024",NIC Asia Select Fund 30 (NICSF) Proposes 14 Percent Dividend,Stock Market,https://www.investopaper.com/news/nic-asia-select-fund-30-dividend/,negative,0.4203989505767822
"August 4, 2024",Mizu Energy to Develop 54 MW Lower Apsuwa Hydropower Project in Sankhuwasabha,NEWS,https://www.investopaper.com/news/lower-apsuwa-hydropower-project-construction-status/,positive,0.3656228184700012
"August 4, 2024",Standard Chartered Bank Nepal (SCB) Earns Rs. 3.30 Arba In Net Profit [Q4 Report],Company,https://www.investopaper.com/news/standard-chartered-bank-nepal-fourth-quarter-report/,neutral,0.44600042700767517
"August 6, 2024",Guardian Micro-Life Insurance to Issue 22.50 Lakh Shares in IPO | Appoints Nepal SBI Merchant Banking as Issue Manager,Stock Market,https://www.investopaper.com/news/guardian-micro-life-insurance-ipo/,neutral,0.412760466337204
"August 8, 2024",Laxmi Value Fund 2 (LVF2) Announces Book Closure for Dividend Distribution,Stock Market,https://www.investopaper.com/news/laxmi-value-fund-2-lvf2-announces-book-closure-for-dividend-distribution/,negative,0.5928117036819458
"August 8, 2024",Laxmi Unnati Kosh (LUK) Announces Book Closure for Dividend Distribution,Stock Market,https://www.investopaper.com/news/laxmi-unnati-koshs-book-closure-for-dividend-distribution/,neutral,0.502697229385376
"August 9, 2024",People’s Energy Limited to Float IPO | Submits Application to SEBON,Stock Market,https://www.investopaper.com/news/peoples-energy-limited-ipo/,positive,0.40141090750694275
"August 9, 2024",Profit of Finance Companies Rises to Rs. 44.63 Crores | 4 Companies Report Loss,Company,https://www.investopaper.com/news/net-profit-of-finance-companies-in-nepal/,negative,0.4424850344657898
"August 9, 2024",Sunrise First Mutual Fund Announces 12.5 Percent Dividend from FY 2080/81,Stock Market,https://www.investopaper.com/news/sunrise-first-mutual-fund-dividend/,positive,0.39299386739730835
"August 9, 2024",NIC Asia Laghubitta Reports 33 Percent Decline in Net Profit [Q4 Report],Company Reports,https://www.investopaper.com/news/nic-asia-laghubitta-fourth-quarterly-report/,positive,0.40444666147232056
"August 9, 2024",Sunrise Focused Equity Fund to Provide 4.5 Percent Dividend,Stock Market,https://www.investopaper.com/news/sunrise-focused-equity-fund-dividend/,negative,0.6851197481155396
"August 11, 2024",Nerude Mirmire Laghubitta Reports EPS of Rs. 31.98 [Q4 Report],Company,https://www.investopaper.com/news/nerude-laghubitta-fourth-quarter-report/,positive,0.48156318068504333
"August 11, 2024",Shivam Cements Posts Net Profit of Rs. 25.02 Crores [Q4 Report],Company,https://www.investopaper.com/news/shivam-cements-fourth-quarterly-report/,negative,0.5261431932449341
"August 12, 2024",Swabalamban Laghubitta Doubles Net Profit | EPS at Rs 37.12 [Q4 Report],Company,https://www.investopaper.com/news/swabalamban-laghubitta-fourth-quarter-report/,neutral,0.38526973128318787
"August 12, 2024",Sana Kisan Bikas Laghubitta Reports 23 Percent Growth in Net Profit [Q4 Report],Company,https://www.investopaper.com/news/sana-kisan-bikas-laghubitta-fourth-quarter/,negative,0.4780111312866211
"August 13, 2024",Shares of Matribhumi Laghubitta Listed in NEPSE After Merger,Stock Market,https://www.investopaper.com/news/shares-of-companies-listed-in-nepse/,negative,0.3802092671394348
"August 13, 2024",Seti River Hydropower Project to Generate 25 MW of Electricity | Trial Production Begins,NEWS,https://www.investopaper.com/news/seti-river-hydropower-project/,positive,0.38106587529182434
"August 13, 2024",Nepal Life Insurance Collects Rs. 40.84 Arba in Premium in FY 2080/81 [Q4 Report],Company,https://www.investopaper.com/news/nepal-life-insurance-fourth-quarterly-report/,negative,0.38404935598373413
"August 13, 2024",Sanima Middle Tamor Hydropower in Profit After Electricity Generation,Company,https://www.investopaper.com/news/sanima-middle-tamor-hydropower-fourth-quarterly-report/,positive,0.3809919059276581
"August 14, 2024",Neco Insurance Posts Net Profit of Rs 68.57 Crores [Q4 Report],Company,https://www.investopaper.com/news/neco-insurance-fourth-quarter-financial-highlights/,positive,0.39318984746932983
"August 14, 2024",Nirdhan Utthan Laghubitta Posts Net Profit of Rs. 50.64 Crores [Q4 Report],Company,https://www.investopaper.com/news/nirdhan-utthan-fourth-quarter-report/,positive,0.4222516715526581
"August 14, 2024",Api Power Company Posts Net Profit of Rs. 45.65 Crores [Q4 Report],Company,https://www.investopaper.com/news/api-power-company-fourth-quarterly-report/,neutral,0.43846577405929565
"August 14, 2024",Siddhartha Premier Insurance Posts Net Profit of Rs.69.23 Crores [Q4 Report],Company,https://www.investopaper.com/news/siddhartha-premier-insurance-fourth-quarterly-report/,negative,0.41222235560417175
"August 14, 2024",Chhimek Laghubitta Posts Rs. 1 Arba in Net Profit | EPS at Rs 33.62 [Q4 Report],Company,https://www.investopaper.com/news/chhimek-fourth-quarter/,neutral,0.347490519285202
"August 14, 2024",Sagarmatha Lumbini Insurance Collects Rs. 478.81 Crores In Premium | Net Profit Surges by 84 Percent [Q4 Report],Company,https://www.investopaper.com/news/sagarmatha-insurance-fourth-quarter-report/,positive,0.5087308883666992
"August 15, 2024",Net Profit of 14 Non-Life Insurance Companies Rises by 53 Percent,Company,https://www.investopaper.com/news/net-profit-of-non-life-insurance-companies-of-nepal/,neutral,0.4092806577682495
"August 15, 2024",Net Profit of 14 Life Insurance Companies Grows by 15 Percent,Company,https://www.investopaper.com/news/net-profit-of-life-insurance-companies/,negative,0.3695979416370392
"August 16, 2024",7 BFIs to Issue Debenture Worth Rs. 19.8 Arba,Stock Market,https://www.investopaper.com/news/upcoming-debentures-in-nepal/,neutral,0.3876536786556244
"August 18, 2024",Public Issue Worth Rs. 29.11 Billion Approved in FY 2023/24,Stock Market,https://www.investopaper.com/news/public-issue-fy-2023-24/,negative,0.487212598323822
"August 18, 2024",Financial Management for 46 MW Upper Balephi Hydropower Project Completed,NEWS,https://www.investopaper.com/news/upper-balephi-hydropower-project/,neutral,0.35964617133140564
"August 20, 2024",Additional 251 MW Electricity to be Exported to India,NEWS,https://www.investopaper.com/news/additional-251-mw-electricity-to-be-exported-to-india/,negative,0.4427613914012909
"August 20, 2024",FNCCI and ICAN Representatives Proposed to Be Removed from SEBON Board,Stock Market,https://www.investopaper.com/news/fncci-and-ican-representatives-proposed-to-be-removed-from-sebon-board/,neutral,0.4365394711494446
"August 21, 2024",HRL Top Turnover Stock in Shrawan | KBL Highest Number of Shares Traded,Stock Market,https://www.investopaper.com/news/monthly-trading-data/,positive,0.4174635112285614
"August 21, 2024",Siddhartha Investment Growth Scheme 3 (SIGS3) to Provide 7 Percent Dividend,Stock Market,https://www.investopaper.com/news/siddhartha-investment-growth-scheme-dividend/,neutral,0.362129807472229
"August 22, 2024",Last Day to Secure 4.5 Percent Dividend of Sunrise Focused Equity Fund,Stock Market,https://www.investopaper.com/news/sunrise-focused-equity-fund-book-closure-date/,positive,0.5364158153533936
"August 22, 2024",Last Day to Secure Dividend of Sunrise First Mutual Fund,Stock Market,https://www.investopaper.com/news/sunrise-first-mutual-fund-book-closure-date-announcement/,neutral,0.47435057163238525
"August 23, 2024",National Life Insurance Conducting 36th AGM Today | To Endorse 14 Percent Dividend,Stock Market,https://www.investopaper.com/news/national-life-insurance-agm/,neutral,0.4089791476726532
"August 25, 2024",Aarati Power Company to Float IPO | Appoints Global IME Capital as Issue Manager,Stock Market,https://www.investopaper.com/news/aarati-power-company-ipo/,neutral,0.5860167145729065
"August 25, 2024",Prabhu Mahalaxmi Life Insurance to Provide 10.526 Percent Dividend,Stock Market,https://www.investopaper.com/news/prabhu-life-insurance-dividend/,neutral,0.4360038638114929
"August 26, 2024",Prime Commercial Bank to Issue “8% Prime Debenture 2091”,Stock Market,https://www.investopaper.com/news/prime-debenture-2091/,neutral,0.36410948634147644
"August 27, 2024",Bonus Shares of 2 Companies Listed in Nepse,Stock Market,https://www.investopaper.com/news/ipo-listing/,neutral,0.4847910404205322
"August 27, 2024",Kumari Sunaulo Lagani Yojana to Distribute 10.5 Percent Dividend,Stock Market,https://www.investopaper.com/news/kumari-sunaulo-lagani-yojana-dividend/,neutral,0.4728892147541046
"August 27, 2024",Kumari Dhanabriddhi Yojana (KDBY) to Provide 9.50 Percent Dividend,Stock Market,https://www.investopaper.com/news/kumari-dhanabriddhi-yojana-dividend/,neutral,0.3628561198711395
"August 27, 2024",Kumari Equity Fund (KEF) Declares 9.5 Percent Dividend,Stock Market,https://www.investopaper.com/news/kumari-equity-fund-kef-dividend/,negative,0.3565676510334015
"August 28, 2024",Star Micro Insurance to Float IPO | Appoints NIMB Ace Capital as Issue Manager,Stock Market,https://www.investopaper.com/news/star-micro-insurance-po/,neutral,0.36461418867111206
"August 29, 2024",NIC Asia Dynamic Debt Fund Reports Net Asset Value of Rs. 10.77,NEWS,https://www.investopaper.com/news/nic-asia-dynamic-debt-fund-monthly-report/,neutral,0.37301719188690186
"August 29, 2024",NIC Asia Balanced Fund (NICBF) Reports Incline in NAV,NEWS,https://www.investopaper.com/news/nic-asia-balanced-fund-monthly-report/,positive,0.4862697422504425
"August 29, 2024",NIC Asia Select-30 (NICSF) Posts Gross Profit of Rs. 28.33 Crores,NEWS,https://www.investopaper.com/news/nic-asia-select-30-monthly-report/,positive,0.4423734247684479
"August 29, 2024",NIC Asia Growth Fund (NICGF) Reports NAV of Rs. 13.69,NEWS,https://www.investopaper.com/news/nic-asia-growth-fund-monthly-report/,neutral,0.3952796459197998
"August 30, 2024",Global IME Balanced Fund-1 Reports Rise in NAV in Shrawan,NEWS,https://www.investopaper.com/news/global-ime-balanced-fund-1-monthly-report/,neutral,0.4953688681125641
"August 30, 2024",Himalayan 80-20 (H8020) Reports NAV of Rs. 13.19,Stock Market,https://www.investopaper.com/news/himalayan-80-20-monthly-report/,neutral,0.4911513030529022
"August 30, 2024",NMB Saral Bachat-E Scheme Reports NAV of Rs. 12.19,NEWS,https://www.investopaper.com/news/nmb-saral-bachat-e-monthly-report/,neutral,0.4393680989742279
"August 30, 2024",Prabhu Select Fund (PSF) Reports Rise in Net Asset Value (NAV),NEWS,https://www.investopaper.com/news/prabhu-select-fund-monthly-report/,neutral,0.3597216308116913
"August 30, 2024",‘NMB 50’ Reports Net Asset Value (NAV) of Rs. 14.50,NEWS,https://www.investopaper.com/news/nmb-50-monthly-report/,neutral,0.42136335372924805
"August 30, 2024",Liberty Micro Insurance to Float IPO | Appoints NIMB Ace Capital as Issue Manager,Stock Market,https://www.investopaper.com/news/liberty-micro-insurance-ipo/,neutral,0.36156895756721497
"September 1, 2024",Ankhu Khola Jalbidhyut Company Closing 1:1.5 Right Share from Bhadra 16,Stock Market,https://www.investopaper.com/news/ankhu-khola-jalbidhyut-company-right-share/,negative,0.4035583734512329
"September 1, 2024",NMB Bank to Issue Perpetual Non-cumulative Preference Share | To Provide 8.25 Percent Dividend,Stock Market,https://www.investopaper.com/news/nmb-bank-perpetual-non-cumulative-preference-share/,positive,0.4551101326942444
"September 1, 2024",Sanima Large Cap Fund (SLCF) Announces 10 Percent Dividend,Stock Market,https://www.investopaper.com/news/sanima-large-cap-fund-dividend/,neutral,0.3759349286556244
"September 1, 2024",FDI in Nepal Increases by 11.8 Percent,NEWS,https://www.investopaper.com/news/fdi-in-nepal-increases-by-11-8-percent/,neutral,0.3644006550312042
"September 1, 2024",Sanima Growth Fund to Provide 10 Percent Dividend,Stock Market,https://www.investopaper.com/news/sanima-growth-fund-dividend/,positive,0.46033093333244324
"September 1, 2024",Sanima Equity Fund (SAEF) Declares 15 Percent Dividend,Stock Market,https://www.investopaper.com/news/sanima-equity-fund-saef-dividend/,neutral,0.471530556678772
"September 3, 2024",Sanima Large Cap Fund’s Book Closure on Bhadra 26,Stock Market,https://www.investopaper.com/news/sanima-large-cap-fund-book-closure-date/,positive,0.48296642303466797
"September 3, 2024",Sanima Growth Fund (SAGF) Fixes Book Closure Date for Dividend Distribution,Stock Market,https://www.investopaper.com/news/sanima-growth-fund-sagf-book-closure-date/,neutral,0.37858524918556213
"September 3, 2024",Last Day to Secure Dividend of Kumari Dhanabriddhi Yojana,Stock Market,https://www.investopaper.com/news/kumari-dhanabriddhi-yojana-fixes-book-closure-date-for-dividend-distribution/,positive,0.4152365028858185
"September 3, 2024",Last Day to Secure 9.5 Percent Dividend of Kumari Equity Fund | Book Closure on Bhadra 19,Stock Market,https://www.investopaper.com/news/kumari-equity-fund-announces-book-closure-for-dividend-distribution/,neutral,0.3751164674758911
"September 3, 2024",Sanima Equity Fund (SAEF) Announces Book Closure Date for Dividend Distribution,Stock Market,https://www.investopaper.com/news/sanima-equity-fund-saef-announces-book-closure-date-for-dividend-distribution/,neutral,0.4087804853916168
"September 3, 2024",Supermai Hydropower Company Declares 12.63 Percent Dividend,Stock Market,https://www.investopaper.com/news/supermai-hydropower-company-dividend/,neutral,0.36874452233314514
"September 4, 2024",Kantipur Pharmaceuticals Lab to Issue IPO | Appoints Muktinath Capital as Issue Manager,Stock Market,https://www.investopaper.com/news/kantipur-pharmaceuticals-lab-ipo/,negative,0.4604150354862213
"September 4, 2024",Habitat Power Company to Float 11 Lakh Shares in IPO,Stock Market,https://www.investopaper.com/news/habitat-power-company-ipo/,negative,0.4195040166378021
"September 6, 2024",RBB Mutual Fund 2 (RMF2) to Provide 8.74 Percent Dividend from FY 2080/81,Stock Market,https://www.investopaper.com/news/rbb-mutual-fund-2-dividend/,positive,0.4180416762828827
"September 6, 2024",RBB Mutual Fund 1 (RMF1) Announces 3.81 Percent Dividend,Stock Market,https://www.investopaper.com/news/rbb-mutual-fund-1-dividend/,positive,0.44281885027885437
"September 8, 2024",Mandu Hydropower Proposes 12 Percent Dividend,Stock Market,https://www.investopaper.com/news/mandu-hydropower-dividend/,negative,0.5251117944717407
"September 8, 2024",NIBL Growth Fund (NIBLGF) to Distribute 6.35 Percent Dividend,Stock Market,https://www.investopaper.com/news/nibl-growth-fund-dividend/,neutral,0.4182918965816498
"September 8, 2024",Bhagawati Hydropower Development Company Declares 14.73 Percent Dividend,Stock Market,https://www.investopaper.com/news/bhagawati-hydropower-development-company-dividend/,negative,0.3901335597038269
"September 8, 2024",Average Net Asset Value (NAV) of 43 Mutual Fund Schemes Rises to Rs. 12.92 in Shrawan,NEWS,https://www.investopaper.com/news/nav-of-mutual-fund-schemes-listed-in-nepse/,negative,0.41337209939956665
"September 8, 2024",Everest Bank Announces 15.53 Percent Dividend from FY 2080/81,Stock Market,https://www.investopaper.com/news/everest-bank-dividend/,negative,0.4252494275569916
"September 11, 2024",Nabil Balanced Fund-2 (NBF2) Announces Book Closure Date for Dividend Distribution,Stock Market,https://www.investopaper.com/news/nabil-balanced-fund-2-nbf2-announces-book-closure-date-for-dividend-distribution/,positive,0.4443868100643158
"September 11, 2024",Nabil Balanced Fund-2 (NBF2) Proposes 8 Percent Dividend,Stock Market,https://www.investopaper.com/news/nabil-balanced-fund-2-dividend/,positive,0.3679611086845398
"September 11, 2024",Gurans Laghubitta Announces 15 Percent Dividend,Stock Market,https://www.investopaper.com/news/gurans-laghubitta-dividend/,positive,0.38476526737213135
"September 12, 2024",Himal Dolakha Hydropower Appoints Siddhartha Capital as Registrar to Share (RTS),Stock Market,https://www.investopaper.com/news/himal-dolakha-hydropower-registrar-to-share-rts/,neutral,0.4731600880622864
"September 12, 2024",Nabil Flexi Cap Fund to Distribute 5 Percent Dividend,Stock Market,https://www.investopaper.com/news/nabil-flexi-cap-fund-dividend/,negative,0.4497920870780945
"September 12, 2024",Nepal Lube Oil Proposes 25 Percent Dividend,Stock Market,https://www.investopaper.com/news/nepal-lube-oil-dividend/,negative,0.409344881772995
"September 13, 2024",Price Adjustment of NICSF in Nepse,Stock Market,https://www.investopaper.com/news/price-adjustment-in-nepse/,positive,0.46084895730018616
"September 13, 2024",Oriental Hotels Proposes 5.26312 Percent Dividend,Stock Market,https://www.investopaper.com/news/oriental-hotels-dividend/,positive,0.5055623054504395
"September 13, 2024",Global IME Balanced Fund-1 (GIBF1) Proposes 5 Percent Dividend,Stock Market,https://www.investopaper.com/news/global-ime-balanced-fund-1-dividend/,positive,0.4684958755970001
"September 13, 2024",Hathway Investment Nepal Announces 10.53 Percent Dividend,Stock Market,https://www.investopaper.com/news/hathway-investment-nepal-dividend/,negative,0.47495102882385254
"September 15, 2024",Kamana Sewa Bikas Bank to Provide 12 Percent Dividend from FY 2080/81,Stock Market,https://www.investopaper.com/news/kamana-sewa-bikas-bank-dividend/,positive,0.4030457139015198
"September 15, 2024",CEDB Hydropower Proposes 11 Percent Dividend,Stock Market,https://www.investopaper.com/news/cedb-hydropower-dividend/,negative,0.35540491342544556
"September 15, 2024",CEDB Hydropower (CHDC) to Issue 1:0.54 Right Share,Stock Market,https://www.investopaper.com/news/cedb-hydropower-right-share/,negative,0.43816617131233215
"September 18, 2024",Prabhu Smart Fund to Provide 8.5 Percent Dividend from FY 2080/81,Stock Market,https://www.investopaper.com/news/prabhu-smart-fund-dividend/,negative,0.4222601652145386
"September 18, 2024",Prabhu Select Fund Proposes 10 Percent Dividend,Stock Market,https://www.investopaper.com/news/prabhu-select-fund-dividend/,positive,0.3992629945278168
"September 18, 2024",Sahas Urja Announces 8.42 Percent Dividend,Stock Market,https://www.investopaper.com/news/sahas-urja-limited-dividend/,neutral,0.41268929839134216
"September 18, 2024",Sahas Urja Limited to Sell 1:1 Right Share,Stock Market,https://www.investopaper.com/news/sahas-urja-limited-right-issue/,negative,0.4247150123119354
"September 22, 2024",NMB Sulav Investment Fund-2 (NSIF2) to Provide 10 Percent Cash Dividend,Stock Market,https://www.investopaper.com/news/nmb-sulav-investment-fund-2-dividend/,negative,0.4123944044113159
"September 22, 2024",NMB-50 Announces 15 Percent Dividend from FY 2080/81,Stock Market,https://www.investopaper.com/news/nmb-50-dividend/,positive,0.40239575505256653
"September 24, 2024",Hulas Finserv Hire Purchase to Float 20.75 Lakh Shares in Initial Public Offering (IPO),Stock Market,https://www.investopaper.com/news/hulas-finserv-hire-purchase-ipo/,negative,0.4072275161743164
"September 24, 2024",Citizens Bank Proposes 4.21 Percent Dividend from FY 2080/81,Stock Market,https://www.investopaper.com/news/citizens-bank-international-dividend/,negative,0.49914589524269104
"September 24, 2024",Ru Ru Jalbidhyut Pariyojana to Invest in Sumnima Hydropower Company,N/A,https://www.investopaper.com/news/ru-ru-jalbidhyut-pariyojana-to-invest-in-sumnima-hydropower-company/,positive,0.6014452576637268
"September 25, 2024",NIBL Growth Fund’s Book Closure for Dividend Distribution on Ashwin 16,Stock Market,https://www.investopaper.com/news/nibl-growth-funds-book-closure-for-dividend-distribution-on-ashwin-16/,positive,0.46627360582351685
"September 25, 2024",Super Madi Hydropower Announces 5.263 Percent Dividend,Stock Market,https://www.investopaper.com/news/super-madi-hydropower-dividend/,negative,0.41388311982154846
"September 26, 2024",Last Day to Secure Dividend of Sahas Urja Limited | To Convene AGM on Karthik 7,Stock Market,https://www.investopaper.com/news/sahas-urja-agm/,neutral,0.45555004477500916
"September 26, 2024",Bonus Shares of Citizen Investment Trust (CIT) Listed in NEPSE,Stock Market,https://www.investopaper.com/news/nepse-bonus-listing-today/,positive,0.38459914922714233
"September 26, 2024",Last Day to Secure 18.3811 Percent Dividend of Sanima Reliance Life Insurance | 7th AGM on Ashwin 23,Stock Market,https://www.investopaper.com/news/reliance-life-insurance-agm/,negative,0.43659183382987976
"September 26, 2024",Mandakini Hydropower to Distribute 5.2632 Percent Dividend,Stock Market,https://www.investopaper.com/news/mandakini-hydropower-dividend/,negative,0.43720588088035583
"September 27, 2024",Arun Kabeli Power to Conduct 14th AGM on Karthik 7,Stock Market,https://www.investopaper.com/news/arun-kabeli-power-announces-agm/,positive,0.4499591886997223
"September 27, 2024",Average 91-Days T-Bills Rate Drops to 2.94 Percent,N/A,https://www.investopaper.com/news/average-91-days-t-bills-rate/,neutral,0.4978598654270172
"September 29, 2024",Last Day to Secure 10 Percent Dividend of Prabhu Select Fund | Book Closure on Ashwin 14,Stock Market,https://www.investopaper.com/news/prabhu-select-fund-book-closure/,neutral,0.4784362316131592
"September 29, 2024",Last Day to Secure Dividend of Prabhu Smart Fund (PRSF),Stock Market,https://www.investopaper.com/news/prabhu-smart-fund-book-closure/,neutral,0.3907117545604706
"September 29, 2024",Ru Ru Jalbidhyut Pariyojana to Sell 80 Percent Right Share,Stock Market,https://www.investopaper.com/news/ru-ru-jalbidhyut-pariyojana-right-share/,neutral,0.43747711181640625
"September 29, 2024",Ru Ru Jalbidhyut Pariyojana Proposes 15.789 Percent Dividend,Stock Market,https://www.investopaper.com/news/ru-ru-jalbidhyut-pariyojana-dividend/,negative,0.4438028037548065
"September 30, 2024",Citizens Mutual Fund-2 to Provide 6.5 Percent Cash Dividend,Stock Market,https://www.investopaper.com/news/citizen-mutual-fund-2-dividend/,positive,0.38173267245292664
"September 30, 2024",Citizens Mutual Fund-1 (CMF1) Proposes 9 Percent Dividend,Stock Market,https://www.investopaper.com/news/citizen-mutual-fund-1-announces-dividend/,neutral,0.42022979259490967
"September 30, 2024",Citizens Super 30 Mutual Fund to Distribute 10 Percent Dividend,Stock Market,https://www.investopaper.com/news/citizens-super-30-mutual-fund-dividend/,neutral,0.3952348232269287
"October 1, 2024",United Ajod Insurance to Issue 1:0.15 Right Share,Stock Market,https://www.investopaper.com/news/united-ajod-insurance-right/,positive,0.3948196768760681
"October 1, 2024",Citizens Capital to Launch its First Open Ended Scheme ‘Citizens Sadabahar Yojana’,Stock Market,https://www.investopaper.com/news/citizens-sadabahar-yojana-ipo/,negative,0.41341450810432434
"October 2, 2024",Bhagawati Hydropower Coductingn 24th AGM Today | To Endorse 14.73 Percent Dividend,Stock Market,https://www.investopaper.com/news/bhagawati-hydropower-to-convene-23rd-agm-on-poush-24-meeting-to-endorse-10-53-percent-dividend/,negative,0.49781784415245056
"October 2, 2024",Nepal Warehousing Company to Issue 1:1 Right Share,Stock Market,https://www.investopaper.com/news/nepal-warehousing-company-right-share/,negative,0.37968653440475464
"October 2, 2024",Forward Microfinance Laghubitta to Distribute 14 Percent Dividend from FY 2080/81,Stock Market,https://www.investopaper.com/news/forward-microfinance-dividend/,positive,0.5498337745666504
"October 4, 2024",Nepal Lube Oil Organizing 33rd AGM Today | To Endorse 25 Percent Dividend,Stock Market,https://www.investopaper.com/news/nepal-lube-oil-agm/,neutral,0.38866326212882996
"October 4, 2024",Arun Valley Hydropower Declares 3.157 Percent Dividend,Stock Market,https://www.investopaper.com/news/arun-valley-hydropower-declares-dividend/,neutral,0.3398737609386444
"October 6, 2024",Everest Bank Conducting 30th AGM Today | Shareholders’ to Receive 15.53 Percent Dividend,Stock Market,https://www.investopaper.com/news/everest-bank-dividend-agm/,positive,0.38993147015571594
"October 6, 2024",Api Power Company Amends Dividend | To Provide 5 Percent Bonus Share,Stock Market,https://www.investopaper.com/news/api-power-company-dividend-2/,neutral,0.3544638752937317
"October 8, 2024",Individuals Can Secure Loans up to Rs. 50 Lakhs Against Gold & Silver,N/A,https://www.investopaper.com/news/individuals-can-secure-loans-up-to-rs-50-lakhs-agains-gold-silver/,neutral,0.3981700837612152
"October 8, 2024",Himalayan 80-20 Scheme to Provide 10 Percent Dividend,Stock Market,https://www.investopaper.com/news/himalayan-80-20-dividend/,negative,0.36850062012672424
"October 8, 2024",NRB Grants Permission for Dividend of Asha Laghubitta | Company to Distribute 15 Percent Dividend,Stock Market,https://www.investopaper.com/news/asha-laghubitta-dividend/,positive,0.502679169178009
"October 8, 2024",Global IME Bank Proposes 5.5 Percent Dividend from FY 2080/81,Stock Market,https://www.investopaper.com/news/global-ime-bank-dividend/,negative,0.46036297082901
"October 9, 2024",NRB Provides Approval for 15 Percent Dividend of Swabalamban Laghubitta,Stock Market,https://www.investopaper.com/news/swabalamban-laghubitta-dividend/,positive,0.4095076620578766
"October 9, 2024",Sanima Bank Proposes 5.2632 Percent Dividend,Stock Market,https://www.investopaper.com/news/sanima-bank-dividend/,neutral,0.4118208885192871
"October 15, 2024",Kamana Sewa Bikas Bank to Convene 18th AGM on Ashwin 30,Stock Market,https://www.investopaper.com/news/kamana-sewa-bikas-bank-agm/,neutral,0.3446877598762512
"October 15, 2024","2024 Nobel Prize in Economics Awarded to Acemoglu, Johnson, and Robinson",GLOBAL NEWS,https://www.investopaper.com/news/2024-nobel-prize-in-economics-awarded-to-acemoglu-johnson-and-robinson/,negative,0.3897121846675873
"October 15, 2024",Nepal Hydro Developers to Invest in Super Khudi Hydropower,NEWS,https://www.investopaper.com/news/nepal-hydro-developers-to-invest-in-super-khudi-hydropower/,positive,0.36141952872276306
"October 16, 2024",Petroleum Price Update: Price of Petroleum Products Rises,NEWS,https://www.investopaper.com/news/price-of-petrol-diesel-kerosene-in-nepal/,neutral,0.3887141942977905
"October 16, 2024",Kalika Laghubitta Appoints Muktinath Capital as Registrar to Share (RTS),Stock Market,https://www.investopaper.com/news/kalika-laghubitta-share-registrar/,positive,0.49134209752082825
"October 16, 2024",Foreign Exchange Reserves Increases by 5.5 Percent | Trade Deficit Widens by 1.8 Percent,NEWS,https://www.investopaper.com/news/foreign-exchange-reserves-in-nepal/,positive,0.42025139927864075
"October 16, 2024",Remittance Worth Rs. 263.14 Billion Received in 2 Months,NEWS,https://www.investopaper.com/news/remittance-in-nepal-current-data/,negative,0.36630603671073914
"October 16, 2024",Balance of Payments (BOP) Remains at Surplus of Rs. 101.77 billion,NEWS,https://www.investopaper.com/news/balance-of-payments-bop-of-nepal/,positive,0.39868462085723877
"October 17, 2024",Daunne Agro Farm to Issue IPO | Appoints Citizens Capital as Issue Manager,Stock Market,https://www.investopaper.com/news/daunne-agro-farm-ipo/,positive,0.5002366900444031
"October 18, 2024",Bonus Shares of National Life Insurance (NLICL) Listed in NEPSE,Stock Market,https://www.investopaper.com/news/listing-of-bonus-shares-in-nepse/,positive,0.4575287401676178
"October 18, 2024",NIC Asia Bank to Float “NIC ASIA DEBENTURE 2091” Worth Rs. 5 Arba,Stock Market,https://www.investopaper.com/news/nic-asia-debenture-2091/,negative,0.3876059651374817
"October 18, 2024",Shine Resunga Development Bank to Float 10 Lakh Units of Debenture,Stock Market,https://www.investopaper.com/news/shine-resunga-development-bank-debenture-2091/,negative,0.34916964173316956
"October 18, 2024",RSDC Laghubitta Proposes 10 Percent Dividend,Stock Market,https://www.investopaper.com/news/rsdc-laghubitta-proposes-dividend/,neutral,0.44560757279396057
"October 21, 2024",Super Madi Hydropower Organizing 15th AGM Today | To Endorse 5.26 Percent Dividend,Stock Market,https://www.investopaper.com/news/super-madi-hydropower-to-organize-15th-agm-on-karthik-5-to-endorse-dividend/,neutral,0.5495585799217224
"October 21, 2024",Mandakini Hydropower to Conduct 11th AGM on Mangsir 7 | To Approve Dividend & Right Issue,Stock Market,https://www.investopaper.com/news/mandakini-hydropower-agm/,positive,0.4180014133453369
"October 21, 2024",Nepal Life Insurance to Invest Rs. 50 Crores in Mewa Developers Limited,Stock Market,https://www.investopaper.com/news/nepal-life-insurance-to-invest-in-mewa-developers-limited/,negative,0.4419724941253662
"October 21, 2024",Mandakini Hydropower to Issue 1:1.25 Right Share,Stock Market,https://www.investopaper.com/news/mandakini-hydropower-right/,negative,0.37268581986427307
"October 21, 2024",Support Laghubitta Announces 14.5 Percent Dividend,Stock Market,https://www.investopaper.com/news/support-microfinance-dividend/,negative,0.40635165572166443
"October 22, 2024","Bullion Update: Price of Gold Climbs to an All-Time High of Rs.1,65,900",NEWS,https://www.investopaper.com/news/bullion-update/,positive,0.3373880088329315
"October 22, 2024",Three Star Hydropower to Float 1:1 Right Share,Stock Market,https://www.investopaper.com/news/three-star-hydropower-right-share/,negative,0.3982616066932678
"October 23, 2024",Average Paid-Up Capital of Commercial Banks at Rs. 18.76 Arba,Company,https://www.investopaper.com/news/paid-up-capital-of-commercial-banks-in-nepal/,neutral,0.40778639912605286
"October 23, 2024",Non Performing Loans (NPL) of Banks Rises to 3.72 Percent,Company,https://www.investopaper.com/news/non-performing-loans-npl-of-commercial-banks-in-nepal/,neutral,0.4805179834365845
"October 23, 2024",Average Net Profit of 20 Commercial Banks Grows by 21.66 Percent,Company,https://www.investopaper.com/news/net-profit-of-commercial-banks-in-nepal/,neutral,0.41114726662635803
"October 23, 2024",Average Earnings Per Share (EPS) of 20 Commercial Banks at Rs. 17.44,Company,https://www.investopaper.com/news/earnings-per-share-of-commercial-banks-in-nepal/,positive,0.44589537382125854
"October 24, 2024",Last Day to be Eligible for 88.45 Percent Right Share of LIC Nepal | Book Closure on Karthik 9,Stock Market,https://www.investopaper.com/news/lic-nepal-right-issue/,positive,0.4299585223197937
"October 24, 2024",Trade Deficit of Nepal Shrinks | Export Drops by 6.11 Percent,NEWS,https://www.investopaper.com/news/trade-deficit-nepal/,positive,0.36457201838493347
"October 24, 2024",8 National Level Development Banks Earn Rs. 142.9 Crores in Q1,Company,https://www.investopaper.com/news/top-10-national-level-development-banks/,negative,0.3532232344150543
"October 25, 2024",Mai Khola Hydropower to Conduct 4th AGM on Mangsir 14,Stock Market,https://www.investopaper.com/news/mai-khola-hydropower-to-convene-2nd-agm-on-shrawan-25-to-endorse-10-percent-dividend/,neutral,0.3826998770236969
"October 25, 2024",Sagarmatha Jalabidhyut Company Proposes 5 Percent Dividend,Stock Market,https://www.investopaper.com/news/sagarmatha-jalabidhyut-company-dividend/,positive,0.3753180205821991
"October 25, 2024",National Microfinance Laghubitta to Provide 15 Percent Dividend,Stock Market,https://www.investopaper.com/news/national-microfinance-dividend/,neutral,0.36921367049217224
"October 27, 2024",Api Power Company Conducting 21st AGM Today | Shareholders to Receive 5 Percent Bonus Share,Stock Market,https://www.investopaper.com/news/api-power-company-agm/,neutral,0.6053390502929688
"October 27, 2024",Nepal Life Insurance to Invest Rs. 38.5 Crores in Nepal Opportunity Fund-1,Stock Market,https://www.investopaper.com/news/nepal-life-insurance-to-invest-rs-38-5-crores-in-nepal-opportunity-fund-1/,positive,0.38094857335090637
"October 27, 2024",Prime Commercial Bank to Provide 5 Percent Dividend from FY 2080/81,Stock Market,https://www.investopaper.com/news/prime-commercial-bank-dividend/,neutral,0.5096826553344727
"October 27, 2024",Base Rate of Commercial Banks Drops to 7.35 Percent,Company,https://www.investopaper.com/news/base-rate-of-commercial-banks-of-nepal/,positive,0.38073980808258057
"October 27, 2024",Api Power Company Posts Net Profit of Rs. 18.17 Crores in Q1,Company,https://www.investopaper.com/news/api-power-company-first-quarterly-report/,neutral,0.3960089683532715
"October 28, 2024",Citizens Bank Conducting 18th AGM Today | To Endorse 4.21 Percent Dividend,Stock Market,https://www.investopaper.com/news/citizens-bank-agm/,neutral,0.4038637578487396
"October 28, 2024",First Year Premium Income (FPI) of Life Insurers at Rs. 7.53 Billion in 3 Months,Company,https://www.investopaper.com/news/first-year-premium-income-fpi-of-life-insurance-companies-in-nepal/,negative,0.34059885144233704
"October 28, 2024",Life Insurance Companies Generate Rs. 41.08 Billion in Premium Income in First 3 Months,Company,https://www.investopaper.com/news/life-insurance-companies-premium-collection/,positive,0.4209243953227997
"October 29, 2024",Securities of 3 Companies Listed in NEPSE in Ashwin,Stock Market,https://www.investopaper.com/news/shares-listing-monthwise/,negative,0.464806467294693
"October 29, 2024",Himalayan Laghubitta to Skip Dividend from FY 2080/81,Stock Market,https://www.investopaper.com/news/himalayan-laghubitta-dividend/,negative,0.367901086807251
"October 29, 2024",Moonlight Hydropower Company to Float IPO | Appoints LS Capital as Issue Manager,Stock Market,https://www.investopaper.com/news/moonlight-hydropower-company-ipo/,neutral,0.5256496071815491
"October 29, 2024",Non-Life Insurance Companies Collect Rs. 11.38 Arba in Premium Income in 3 Months,Company,https://www.investopaper.com/news/non-life-insurance-premium-collection/,negative,0.40415671467781067
"October 30, 2024",Arun Valley Hydropower Conducting 27th AGM Today | To Endorse 3.157 Percent Dividend,Stock Market,https://www.investopaper.com/news/arun-valley-hydropower-announces-agm/,neutral,0.40281739830970764
"October 30, 2024",Manushi Laghubitta and Shrijanshil Laghubitta Cancel Merger,Stock Market,https://www.investopaper.com/news/manushi-laghubitta-to-merge-with-shrijanshil-laghubitta/,neutral,0.4506659209728241
"October 30, 2024",Nepal Infrastructure Bank (NIFRA) to Skip Dividend from FY 2080/81,Stock Market,https://www.investopaper.com/news/nepal-infrastructure-bank-nifra-dividend/,neutral,0.3710578382015228
"October 30, 2024",Bindhyabasini Hydropower Development Company Declares 8 Percent Dividend,Stock Market,https://www.investopaper.com/news/bindhyabasini-hydropower-development-company-dividend/,neutral,0.39161553978919983
"October 30, 2024",Standard Chartered Bank Announces 25.5 Percent Dividend from FY 2080/81,Stock Market,https://www.investopaper.com/news/standard-chartered-bank-dividend/,positive,0.42747393250465393
"October 30, 2024",First Microfinance to Provide 9.47 Percent Dividend,Stock Market,https://www.investopaper.com/news/first-microfinance-dividend/,negative,0.4024883508682251
"October 30, 2024",Nabil Bank Proposes 10 Percent Dividend,Stock Market,https://www.investopaper.com/news/nabil-bank-dividend/,negative,0.36102449893951416
"October 30, 2024",Soaltee Hotel Proposes 36.84 Percent Dividend from FY 2080/81,Stock Market,https://www.investopaper.com/news/soaltee-hotel-dividend/,neutral,0.4237423241138458
"November 5, 2024",Swabalamban Laghubitta to Convene 23rd AGM on Karthik 30 | Shareholders’ to Receive 15 Percent Dividend,Stock Market,https://www.investopaper.com/news/swabalamban-laghubitta-agm/,neutral,0.3786580562591553
"November 5, 2024",Last Day to be Eligible for 2:1 Right Share of Liberty Energy Company | Book Closure on Karthik 23,Stock Market,https://www.investopaper.com/news/liberty-energy-company-right-share/,positive,0.5122103095054626
"November 5, 2024",Last Day to Be Eligible for 1:1 Right Share of Balephi Hydropower | Book Closure on Karthik 21,Stock Market,https://www.investopaper.com/news/balephi-hydropower-right-issue/,positive,0.40546733140945435
"November 5, 2024",Price Adjustment of BHL & LEC In Nepse,Stock Market,https://www.investopaper.com/news/nepse-price-adjustment-today/,neutral,0.3938874304294586
"November 6, 2024",Global IME Bank to Conduct 18th AGM on Mangsir 27 | To Endorse 5.50 Percent Dividend,Stock Market,https://www.investopaper.com/news/global-ime-bank-agm/,neutral,0.43287765979766846
"November 6, 2024",NLG Insurance to Float 62.56 Percent Right Share from Mangsir 11 | Book Closure on Karthik 27,Stock Market,https://www.investopaper.com/news/nlg-insurance-to-float-66-percent-right-share/,neutral,0.3745020627975464
"November 8, 2024",First Microfinance Reports 39 Percent Drop in Net Profit [Q1 Report],Company,https://www.investopaper.com/news/first-microfinance-first-quarter-report/,positive,0.4445856213569641
"November 8, 2024",Super Madi Hydropower Posts Net Profit of Rs.16.13 Crores [Q1 Report],Company,https://www.investopaper.com/news/super-madi-hydropower-first-quarterly-report/,negative,0.3731120228767395
"November 8, 2024",Deprosc Laghubitta Reports 23 Percent Decline in Net Profit | NPL Rises to 9.01 Percent [Q1 Report],Company,https://www.investopaper.com/news/deprosc-laghubitta-first-quarterly-report/,positive,0.37423956394195557
"November 10, 2024",US Dollar Climbs to New All-Time High,GLOBAL NEWS,https://www.investopaper.com/news/dollar-exchange-rate-at-all-time-high/,neutral,0.3645269572734833
"November 10, 2024",Hathway Investment Nepal Conducting16th AGM Today | To Endorse 10.526 Percent Dividend,Stock Market,https://www.investopaper.com/news/hathway-investment-nepal-agm/,negative,0.43148884177207947
